genome_id1,genome_id2,d_ani,d_kmer
g2,g2,0,0
g2,g3,0.107676,0.9659156556903524
g2,g4,0.19741600000000004,0.9972208365994442
g2,g5,0.19722399999999995,0.9972226178607037
g2,g6,0.19849100000000008,0.9979381443298968
g2,g8,0.1976770000000001,0.997198275862069
g2,g9,0.19770900000000002,0.9971390845070424
g2,g10,0.18987300000000007,0.9970516323888968
g2,g11,0.19902399999999998,0.9979065906301884
g2,g13,0.19845400000000002,0.997991967871486
g2,g15,0.16180800000000006,0.9918889194390982
g2,g16,0.19793400000000005,0.9970712193728124
g2,g17,0.19785200000000003,0.9970751890426596
g2,g19,0.19777699999999998,0.9971158699257336
g2,g20,0.19020899999999996,0.9971052250687508
g2,g21,0.18974199999999997,0.9971304539768964
g2,g22,0.18935199999999996,0.9968528141696552
g2,g23,0.18906199999999995,0.9968528141696552
g2,g24,0.18980400000000008,0.9970824215900802
g2,g25,0.18929399999999996,0.997087095834547
g2,g26,0.18993899999999997,0.9970873079443676
g2,g27,0.18969499999999995,0.9972246567338592
g2,g29,0.19763999999999993,0.9979214449541284
g2,g30,0.19786000000000004,0.997919804892045
g2,g31,0.18913100000000005,0.9971355123026074
g2,g32,0.1895659999999999,0.9971334068357222
g2,g33,0.19045599999999996,0.99707024097268
g2,g34,0.1896040000000001,0.9972171365800072
g2,g35,0.18959900000000007,0.9971978467664626
g2,g36,0.18944000000000005,0.9969998536513976
g2,g37,0.19016999999999995,0.99703242080273
g2,g39,0.19005799999999995,0.9971293979096127
g2,g40,0.197917,0.998013018156903
g2,g41,0.18910700000000003,0.9971334068357222
g2,g42,0.19018600000000008,0.9972218160549788
g2,g43,0.189689,0.9970350604106442
g2,g44,0.18953100000000012,0.9971285524959506
g2,g45,0.189809,0.997135301895108
g3,g2,0.10811899999999997,0.9659156556903524
g3,g3,0,0
g3,g4,0.196874,0.9968120463948992
g3,g5,0.1972020000000001,0.9968139913232104
g3,g6,0.19839699999999993,0.9979027129422908
g3,g8,0.19767899999999994,0.9969930977926604
g3,g9,0.19779200000000008,0.9969327291739282
g3,g10,0.19218500000000005,0.9972649572649572
g3,g11,0.1984229999999999,0.9976657970616504
g3,g13,0.19820800000000005,0.9979536152796724
g3,g15,0.16070600000000002,0.9909484454939
g3,g16,0.197569,0.9970096506728288
g3,g17,0.197496,0.9970135070929208
g3,g19,0.19757400000000003,0.9970515633571037
g3,g20,0.19179000000000002,0.9973171906170462
g3,g21,0.19042900000000007,0.9972744426584668
g3,g22,0.1902330000000001,0.9969401947148818
g3,g23,0.1902330000000001,0.9969401947148818
g3,g24,0.19123099999999993,0.997158106328412
g3,g25,0.19111299999999998,0.9973012248287316
g3,g26,0.191187,0.9973014115693328
g3,g27,0.1914619999999999,0.997293358317718
g3,g29,0.19770100000000002,0.9979548708160064
g3,g30,0.198094,0.9979533360622186
g3,g31,0.19061499999999998,0.9970690858339148
g3,g32,0.19075399999999998,0.9970670391061452
g3,g33,0.19099599999999994,0.997356153899673
g3,g34,0.19094599999999995,0.9970770408518338
g3,g35,0.19098100000000007,0.9970577933450088
g3,g36,0.19134399999999996,0.997358726628206
g3,g37,0.19127300000000003,0.997111862496478
g3,g39,0.18970200000000004,0.997273489932886
g3,g40,0.197936,0.9979753118672848
g3,g41,0.1902290000000001,0.9970670391061452
g3,g42,0.19107399999999997,0.9972907259465092
g3,g43,0.19146799999999997,0.9971143018018018
g3,g44,0.1903530000000001,0.9972727272727272
g3,g45,0.19090400000000007,0.9970688812896922
g4,g2,0.196392,0.9972208365994442
g4,g3,0.197689,0.9968120463948992
g4,g4,0,0
g4,g5,1.8799999999996597e-4,0.00916678068135179
g4,g6,0.008264999999999967,0.32385775117965243
g4,g8,0.0012179999999999414,0.0634814118910213
g4,g9,0.0024970000000000825,0.14373851404568128
g4,g10,0.12215799999999999,0.9694781987133668
g4,g11,0.007132000000000027,0.3154929577464789
g4,g13,0.007082000000000033,0.3236215902495647
g4,g15,0.19620000000000004,0.998080360097968
g4,g16,0.0041360000000000285,0.20242814667988107
g4,g17,0.0039799999999999836,0.19851208927464348
g4,g19,0.008829000000000087,0.34324230902177666
g4,g20,0.12293799999999999,0.970171781786818
g4,g21,0.12486299999999995,0.9775940830976724
g4,g22,0.12254999999999994,0.9732000579458208
g4,g23,0.12371799999999988,0.9731256791017748
g4,g24,0.12287499999999996,0.970684039087948
g4,g25,0.12205600000000005,0.970656259034403
g4,g26,0.121842,0.9705095771593784
g4,g27,0.12424599999999997,0.9744330492561027
g4,g29,0.008458999999999994,0.334178674351585
g4,g30,0.008214999999999972,0.3346788144389343
g4,g31,0.12459399999999998,0.9733226720942064
g4,g32,0.12487399999999993,0.9733032661671638
g4,g33,0.12352000000000007,0.9739930454940596
g4,g34,0.12465900000000008,0.9729514140681652
g4,g35,0.12404399999999993,0.9723155588020452
g4,g36,0.12357699999999994,0.9731276256699986
g4,g37,0.12398600000000004,0.975390024170512
g4,g39,0.12555000000000005,0.9775859567677354
g4,g40,0.012275999999999954,0.4299979197004369
g4,g41,0.12417,0.9731538741360496
g4,g42,0.12419999999999998,0.974703671581382
g4,g43,0.12400099999999992,0.9754116355653129
g4,g44,0.12489700000000004,0.977579451458424
g4,g45,0.12441900000000006,0.9731714410353351
g5,g2,0.19715300000000002,0.9972226178607037
g5,g3,0.19777500000000003,0.9968139913232104
g5,g4,1.9400000000002748e-4,0.00916678068135179
g5,g5,0,0
g5,g6,0.008182000000000023,0.3237865194386933
g5,g8,0.0010639999999999539,0.06357296137339052
g5,g9,0.0024250000000001215,0.1442622950819672
g5,g10,0.12152399999999997,0.969497821272948
g5,g11,0.007232999999999934,0.3166100105497597
g5,g13,0.00730199999999992,0.3245217391304348
g5,g15,0.196287,0.9980815030431331
g5,g16,0.003734000000000015,0.20331642123499571
g5,g17,0.004014999999999991,0.19851301115241635
g5,g19,0.00886600000000004,0.3433506044905008
g5,g20,0.1226569999999999,0.9701170892895624
g5,g21,0.12506200000000012,0.9775346039568084
g5,g22,0.12264300000000006,0.9732175171914584
g5,g23,0.12373800000000001,0.973068848186491
g5,g24,0.12258599999999997,0.9706286623743036
g5,g25,0.12175200000000008,0.9705266199523224
g5,g26,0.121703,0.970454381275735
g5,g27,0.1236790000000001,0.9743756315865454
g5,g29,0.008371999999999935,0.3344851416724257
g5,g30,0.00756100000000004,0.33556041930653147
g5,g31,0.12431700000000001,0.9733401133226792
g5,g32,0.12437299999999996,0.9732460923300618
g5,g33,0.12357399999999996,0.9739357080799304
g5,g34,0.12439999999999996,0.9728946224090448
g5,g35,0.12363000000000002,0.9723337469888312
g5,g36,0.12301699999999993,0.9730707977414216
g5,g37,0.12373599999999996,0.9754062362758016
g5,g39,0.12549599999999994,0.9775264607800492
g5,g40,0.012386000000000008,0.43036790688006654
g5,g41,0.12394400000000005,0.973096778884607
g5,g42,0.12376299999999996,0.9746460560531638
g5,g43,0.12394400000000005,0.9753528852482996
g5,g44,0.12522299999999997,0.977519941986947
g5,g45,0.12406400000000006,0.9731889849596744
g6,g2,0.198978,0.9979381443298968
g6,g3,0.19810799999999995,0.9979027129422908
g6,g4,0.008847999999999967,0.32385775117965243
g6,g5,0.008525999999999923,0.3237865194386933
g6,g6,0,0
g6,g8,0.008166999999999924,0.31317847554569866
g6,g9,0.00909800000000005,0.3396248534583822
g6,g10,0.12242699999999995,0.9698937005065278
g6,g11,0.007523999999999975,0.28901321271277225
g6,g13,0.008612999999999982,0.3098854872633793
g6,g15,0.19472899999999993,0.997950684207047
g6,g16,0.00979399999999997,0.3551782682512733
g6,g17,0.010108000000000006,0.35656200587305176
g6,g19,0.00941000000000003,0.3638945694160418
g6,g20,0.12336899999999995,0.972651775486827
g6,g21,0.12437100000000001,0.9748838559814168
g6,g22,0.12271500000000002,0.97175550405562
g6,g23,0.12286399999999997,0.971457548536656
g6,g24,0.12298199999999992,0.9713253882267968
g6,g25,0.12195599999999995,0.9699595609474292
g6,g26,0.12221599999999999,0.9698129558749188
g6,g27,0.12377300000000002,0.9743996538544748
g6,g29,0.007574999999999887,0.24697189922480625
g6,g30,0.007543999999999995,0.24830426356589153
g6,g31,0.12400099999999992,0.9732907533749456
g6,g32,0.12430899999999989,0.9731967748964916
g6,g33,0.12370700000000001,0.973291835552982
g6,g34,0.12413200000000002,0.97292013612338
g6,g35,0.12357699999999994,0.9735576923076924
g6,g36,0.12192099999999995,0.9694440412251416
g6,g37,0.12393100000000001,0.9768511756973856
g6,g39,0.12465199999999999,0.9748747367656668
g6,g40,0.010847999999999969,0.3640692640692641
g6,g41,0.12437700000000007,0.9730475844533236
g6,g42,0.12374099999999999,0.9747438302785396
g6,g43,0.12425700000000006,0.9767221249270286
g6,g44,0.12428700000000004,0.9748674366238106
g6,g45,0.12390500000000004,0.9731397459165154
g8,g2,0.197646,0.997198275862069
g8,g3,0.197774,0.9969930977926604
g8,g4,0.0011400000000000299,0.0634814118910213
g8,g5,0.001068000000000069,0.06357296137339052
g8,g6,0.008409999999999918,0.31317847554569866
g8,g8,0,0
g8,g9,0.0022689999999999655,0.14640591966173366
g8,g10,0.12168099999999993,0.96744387497293
g8,g11,0.007258000000000098,0.3054861359038439
g8,g13,0.007703999999999933,0.31165311653116534
g8,g15,0.19687700000000008,0.9979990662309076
g8,g16,0.004000999999999921,0.21841356267788636
g8,g17,0.004225000000000034,0.21473684210526311
g8,g19,0.008743999999999974,0.33535589264877474
g8,g20,0.12244699999999997,0.9684325108853412
g8,g21,0.12517,0.9772594325826264
g8,g22,0.12372799999999995,0.9730538922155688
g8,g23,0.12425299999999995,0.9729038854805726
g8,g24,0.12296499999999999,0.9690879859690148
g8,g25,0.1218300000000001,0.9704896531623434
g8,g26,0.12215799999999999,0.9703417620053923
g8,g27,0.125035,0.974222675307653
g8,g29,0.007929000000000075,0.31555451127819545
g8,g30,0.008004000000000011,0.31645123384253815
g8,g31,0.12431399999999992,0.9729511801788594
g8,g32,0.12452200000000002,0.9728559900227424
g8,g33,0.12394900000000009,0.9739282845249396
g8,g34,0.12452600000000003,0.9725776965265084
g8,g35,0.1244289999999999,0.9720094284030644
g8,g36,0.12373199999999995,0.9729808675332262
g8,g37,0.1245099999999999,0.9754116517758252
g8,g39,0.125602,0.9772511154999636
g8,g40,0.01205299999999998,0.4185580069671698
g8,g41,0.12382000000000004,0.972705260840854
g8,g42,0.12453800000000004,0.9745700961818712
g8,g43,0.12385099999999993,0.9753578279474694
g8,g44,0.12531599999999998,0.9772444574522572
g8,g45,0.12388499999999991,0.9727985922721608
g9,g2,0.197299,0.9971390845070424
g9,g3,0.19775999999999994,0.9969327291739282
g9,g4,0.0020740000000000203,0.14373851404568128
g9,g5,0.0023380000000000623,0.1442622950819672
g9,g6,0.008243999999999918,0.3396248534583822
g9,g8,0.0022520000000000318,0.14640591966173366
g9,g9,0,0
g9,g10,0.12198600000000004,0.9692601853213708
g9,g11,0.0067629999999999635,0.28506453595574677
g9,g13,0.006696000000000035,0.298060606060606
g9,g15,0.19610799999999995,0.9980280157758736
g9,g16,0.0042359999999999065,0.1862707288854608
g9,g17,0.0038559999999999706,0.18078805047643576
g9,g19,0.007617999999999903,0.31244718097307733
g9,g20,0.12242699999999995,0.970429511347675
g9,g21,0.125405,0.976311463159468
g9,g22,0.12478300000000009,0.9746166443352688
g9,g23,0.12494100000000008,0.9744639666468136
g9,g24,0.12285499999999994,0.9694235215154
g9,g25,0.12249799999999988,0.970699784338514
g9,g26,0.12335600000000002,0.9705488621151273
g9,g27,0.12558000000000002,0.9759554730983302
g9,g29,0.007775000000000087,0.31676051275907513
g9,g30,0.007766000000000051,0.31727196452115547
g9,g31,0.1255710000000001,0.9746712492528392
g9,g32,0.1255679999999999,0.9745756374785016
g9,g33,0.12444100000000002,0.9749739311783108
g9,g34,0.12572800000000006,0.9743627962438516
g9,g35,0.12477000000000005,0.9720989696924118
g9,g36,0.12445099999999998,0.9737018550249572
g9,g37,0.12493700000000008,0.9761904761904762
g9,g39,0.12540899999999988,0.9763026089556702
g9,g40,0.011448000000000014,0.42044721565254783
g9,g41,0.12531800000000004,0.974498953036195
g9,g42,0.12477300000000002,0.975854383358098
g9,g43,0.12450699999999992,0.9759807243430464
g9,g44,0.12533799999999995,0.976295520825544
g9,g45,0.125039,0.9745927365117322
g10,g2,0.1881870000000001,0.9970516323888968
g10,g3,0.19104600000000005,0.9972649572649572
g10,g4,0.12121799999999994,0.9694781987133668
g10,g5,0.12127899999999991,0.969497821272948
g10,g6,0.12183599999999994,0.9698937005065278
g10,g8,0.12081299999999995,0.96744387497293
g10,g9,0.12219899999999995,0.9692601853213708
g10,g10,0,0
g10,g11,0.12283299999999997,0.97107109278947
g10,g13,0.12320999999999993,0.9722182340272792
g10,g15,0.18644800000000006,0.9971272047033672
g10,g16,0.1227379999999999,0.970956434651978
g10,g17,0.12266599999999994,0.9707017293125624
g10,g19,0.12277600000000011,0.9691929418571016
g10,g20,0.004234999999999989,0.18026905829596415
g10,g21,0.011730000000000018,0.42677023528087354
g10,g22,0.013595000000000024,0.42212240314430094
g10,g23,0.013871000000000078,0.4224767037161783
g10,g24,0.0035439999999999916,0.15582886301190635
g10,g25,0.009924000000000044,0.3378076062639821
g10,g26,0.009971000000000063,0.33671065032987746
g10,g27,0.010340999999999934,0.370194534506716
g10,g29,0.12210100000000002,0.969055843408175
g10,g30,0.12228700000000003,0.9690313287720562
g10,g31,0.012228999999999934,0.4156858306926211
g10,g32,0.012418999999999958,0.41502379333786543
g10,g33,0.009278999999999926,0.35832066424979536
g10,g34,0.012410000000000032,0.4180752760874464
g10,g35,0.012095999999999996,0.40238313473877174
g10,g36,0.008794999999999886,0.3295292439372325
g10,g37,0.007384999999999975,0.2972242692213215
g10,g39,0.012018000000000084,0.4271560459356001
g10,g40,0.10936499999999993,0.9329959369876684
g10,g41,0.01197400000000004,0.4155623513421679
g10,g42,0.010263000000000022,0.37726485862665893
g10,g43,0.007252000000000036,0.29846719803801347
g10,g44,0.011714000000000002,0.425834084761046
g10,g45,0.012031000000000014,0.41544034412497166
g11,g2,0.19800799999999996,0.9979065906301884
g11,g3,0.19793099999999997,0.9976657970616504
g11,g4,0.007373000000000074,0.3154929577464789
g11,g5,0.007440000000000002,0.3166100105497597
g11,g6,0.007597999999999994,0.28901321271277225
g11,g8,0.007044999999999968,0.3054861359038439
g11,g9,0.007124000000000019,0.28506453595574677
g11,g10,0.122884,0.97107109278947
g11,g11,0,0
g11,g13,0.0017369999999999886,0.105291145971816
g11,g15,0.19603399999999993,0.9976527395882234
g11,g16,0.007626999999999939,0.29706267094779404
g11,g17,0.007445000000000035,0.29804154302670627
g11,g19,0.007176999999999989,0.30214191695584536
g11,g20,0.12378200000000006,0.9726037351936632
g11,g21,0.12489800000000006,0.974188790560472
g11,g22,0.122749,0.970860927152318
g11,g23,0.12348399999999993,0.9707851939068364
g11,g24,0.123062,0.972161172161172
g11,g25,0.122309,0.9692657522188808
g11,g26,0.12236800000000003,0.9690411561881006
g11,g27,0.12422100000000003,0.9743777452415812
g11,g29,0.00827,0.2947506875523138
g11,g30,0.008311999999999986,0.2942303088340914
g11,g31,0.12454700000000007,0.9731761238025056
g11,g32,0.12451699999999999,0.9731563421828908
g11,g33,0.1236830000000001,0.9728756248162304
g11,g34,0.1242700000000001,0.9733284349742836
g11,g35,0.12475599999999998,0.9737503697131026
g11,g36,0.12237200000000004,0.9696500920810311
g11,g37,0.12529200000000007,0.9767148683722656
g11,g39,0.12432299999999996,0.9741035856573704
g11,g40,0.010978999999999961,0.39965639428755506
g11,g41,0.12404599999999999,0.9732320625322616
g11,g42,0.12443599999999999,0.974576892080006
g11,g43,0.12519499999999995,0.9766597510373444
g11,g44,0.12459999999999993,0.9743230281118572
g11,g45,0.12412299999999998,0.9732498157700812
g13,g2,0.197511,0.997991967871486
g13,g3,0.19778600000000002,0.9979536152796724
g13,g4,0.007400999999999991,0.3236215902495647
g13,g5,0.007637000000000005,0.3245217391304348
g13,g6,0.008498000000000006,0.3098854872633793
g13,g8,0.007741999999999916,0.31165311653116534
g13,g9,0.007337000000000038,0.298060606060606
g13,g10,0.12289199999999989,0.9722182340272792
g13,g11,0.001847000000000043,0.105291145971816
g13,g13,0,0
g13,g15,0.1958629999999999,0.998000799680128
g13,g16,0.00793099999999991,0.3005071352753862
g13,g17,0.008157999999999999,0.3032690498588899
g13,g19,0.0072190000000000865,0.308576166785122
g13,g20,0.12386600000000003,0.972113856379136
g13,g21,0.124946,0.9730800264065136
g13,g22,0.1228959999999999,0.9697723779550612
g13,g23,0.12369600000000003,0.9696969696969696
g13,g24,0.12382400000000005,0.9731655879572396
g13,g25,0.123201,0.9711916193801832
g13,g26,0.12304300000000001,0.9710440160058202
g13,g27,0.12451699999999999,0.9729769101901086
g13,g29,0.008914999999999895,0.3136310223266745
g13,g30,0.008912000000000031,0.31393298059964725
g13,g31,0.12408199999999991,0.9714704803813716
g13,g32,0.12420199999999992,0.9714495412844036
g13,g33,0.12266900000000003,0.9717774365723476
g13,g34,0.12416399999999994,0.9716270566727604
g13,g35,0.12436099999999994,0.9723387037445744
g13,g36,0.12302499999999994,0.9719564741108596
g13,g37,0.12484800000000007,0.9764922623434046
g13,g39,0.12463899999999994,0.9730701496918108
g13,g40,0.012158000000000002,0.4140046541146605
g13,g41,0.12388599999999994,0.9714495412844036
g13,g42,0.124023,0.9731739320600672
g13,g43,0.12467399999999995,0.9765130319540568
g13,g44,0.124089,0.9732129751944812
g13,g45,0.12383200000000005,0.9714683878538948
g15,g2,0.16268500000000008,0.9918889194390982
g15,g3,0.16090800000000005,0.9909484454939
g15,g4,0.195967,0.998080360097968
g15,g5,0.19575299999999995,0.9980815030431331
g15,g6,0.19523499999999994,0.997950684207047
g15,g8,0.19622299999999993,0.9979990662309076
g15,g9,0.19656700000000005,0.9980280157758736
g15,g10,0.18700800000000006,0.9971272047033672
g15,g11,0.19505799999999995,0.9976527395882234
g15,g13,0.1952339999999999,0.998000799680128
g15,g15,0,0
g15,g16,0.195303,0.9978103642757614
g15,g17,0.195882,0.9978795308461996
g15,g19,0.19617700000000005,0.9980594218415416
g15,g20,0.18647900000000006,0.9971100208347335
g15,g21,0.187276,0.9969965870307168
g15,g22,0.18618599999999996,0.9968077158187868
g15,g23,0.18618999999999997,0.9968077158187868
g15,g24,0.18645,0.9970888903933384
g15,g25,0.18630799999999992,0.9972287935113214
g15,g26,0.186461,0.9972967493410828
g15,g27,0.18635900000000005,0.997152928416486
g15,g29,0.195442,0.9978017585931256
g15,g30,0.196303,0.9978669510731902
g15,g31,0.18639700000000003,0.9972748330835264
g15,g32,0.186666,0.9972729751840742
g15,g33,0.1868470000000001,0.9970094474274452
g15,g34,0.18651799999999996,0.9972139168252242
g15,g35,0.18617800000000007,0.9972645831908638
g15,g36,0.18598899999999996,0.9972165648336728
g15,g37,0.186195,0.9969736570603204
g15,g39,0.18695300000000004,0.9969270691068014
g15,g40,0.19570599999999994,0.9977640068996358
g15,g41,0.1861029999999999,0.9972729751840742
g15,g42,0.186562,0.9973543178888814
g15,g43,0.185647,0.9969761528417292
g15,g44,0.18735200000000007,0.9969947407963936
g15,g45,0.18669599999999997,0.9972746474075084
g16,g2,0.19733999999999996,0.9970712193728124
g16,g3,0.19767999999999997,0.9970096506728288
g16,g4,0.0034480000000001176,0.20242814667988107
g16,g5,0.003475000000000006,0.20331642123499571
g16,g6,0.009516999999999998,0.3551782682512733
g16,g8,0.0040919999999999845,0.21841356267788636
g16,g9,0.0035920000000000396,0.1862707288854608
g16,g10,0.12319199999999997,0.970956434651978
g16,g11,0.007656000000000107,0.29706267094779404
g16,g13,0.008054000000000006,0.3005071352753862
g16,g15,0.195477,0.9978103642757614
g16,g16,0,0
g16,g17,1.8899999999999473e-4,0.01546885694729638
g16,g19,0.00730900000000001,0.31449718045112784
g16,g20,0.12346100000000004,0.972693302673182
g16,g21,0.12483999999999995,0.975307742734358
g16,g22,0.12401600000000002,0.9732868757259
g16,g23,0.12443700000000002,0.9732123411978222
g16,g24,0.12283699999999997,0.9715859669469412
g16,g25,0.123031,0.9718544244265972
g16,g26,0.12247699999999995,0.9716332585570592
g16,g27,0.12376699999999996,0.9745965115437504
g16,g29,0.009475000000000011,0.35437114813969417
g16,g30,0.0099800000000001,0.35449977158519874
g16,g31,0.12455499999999997,0.9734100677496904
g16,g32,0.12467099999999998,0.97331583552056
g16,g33,0.12357299999999993,0.9736345148169668
g16,g34,0.12416399999999994,0.9734108245550308
g16,g35,0.125205,0.9746530314097882
g16,g36,0.12279300000000004,0.9723190932868352
g16,g37,0.12388099999999991,0.9754826396535272
g16,g39,0.12497900000000006,0.9752240763681412
g16,g40,0.013396999999999881,0.44721649484536086
g16,g41,0.12425700000000006,0.97331583552056
g16,g42,0.12466800000000011,0.9746450304259636
g16,g43,0.12412499999999993,0.9754290743728912
g16,g44,0.12443499999999996,0.9752915451895044
g16,g45,0.12389899999999998,0.9734081305551509
g17,g2,0.19688100000000008,0.9970751890426596
g17,g3,0.19767599999999996,0.9970135070929208
g17,g4,0.003574999999999995,0.19851208927464348
g17,g5,0.0034529999999999283,0.19851301115241635
g17,g6,0.009719999999999951,0.35656200587305176
g17,g8,0.00392899999999996,0.21473684210526311
g17,g9,0.003251000000000115,0.18078805047643576
g17,g10,0.12269700000000006,0.9707017293125624
g17,g11,0.007707999999999937,0.29804154302670627
g17,g13,0.00809099999999996,0.3032690498588899
g17,g15,0.19693499999999997,0.9978795308461996
g17,g16,1.7399999999989646e-4,0.01546885694729638
g17,g17,0,0
g17,g19,0.007098000000000049,0.31582649472450175
g17,g20,0.12328699999999992,0.9719928186714544
g17,g21,0.12489300000000003,0.9754163939195578
g17,g22,0.124174,0.9733980864018555
g17,g23,0.12458299999999989,0.9733236679956506
g17,g24,0.12295100000000003,0.9717739017152784
g17,g25,0.1217919999999999,0.969510428736964
g17,g26,0.12128699999999992,0.9693633664083436
g17,g27,0.12426500000000007,0.974705499747055
g17,g29,0.009367000000000014,0.3493769292328799
g17,g30,0.009523999999999977,0.349691146190803
g17,g31,0.12474300000000005,0.9732974388824214
g17,g32,0.12486000000000008,0.973277996213776
g17,g33,0.123668,0.9737452857557296
g17,g34,0.12448099999999995,0.9735219441421836
g17,g35,0.12519999999999998,0.9745385569417088
g17,g36,0.12313299999999994,0.9723572516868606
g17,g37,0.12382800000000005,0.9756669598358252
g17,g39,0.12557399999999996,0.975407450523865
g17,g40,0.012925000000000075,0.44301053066281226
g17,g41,0.12424299999999999,0.9733527484528576
g17,g42,0.12457800000000008,0.9746798813571584
g17,g43,0.12352599999999991,0.9756133284511168
g17,g44,0.12471599999999994,0.9754002911208152
g17,g45,0.12424000000000002,0.9733701979045402
g19,g2,0.19738299999999998,0.9971158699257336
g19,g3,0.19723900000000005,0.9970515633571037
g19,g4,0.008650999999999964,0.34324230902177666
g19,g5,0.008395000000000041,0.3433506044905008
g19,g6,0.00917800000000002,0.3638945694160418
g19,g8,0.007884000000000002,0.33535589264877474
g19,g9,0.008147000000000015,0.31244718097307733
g19,g10,0.12306399999999995,0.9691929418571016
g19,g11,0.006936000000000053,0.30214191695584536
g19,g13,0.00785300000000011,0.308576166785122
g19,g15,0.196658,0.9980594218415416
g19,g16,0.007369999999999988,0.31449718045112784
g19,g17,0.00742799999999999,0.31582649472450175
g19,g19,0,0
g19,g20,0.12326700000000002,0.9686931197670186
g19,g21,0.12627100000000002,0.9764999632811926
g19,g22,0.12495699999999998,0.97363216875412
g19,g23,0.125471,0.9734817962054062
g19,g24,0.12366500000000002,0.9705602343463932
g19,g25,0.12357099999999999,0.9718854972980868
g19,g26,0.1228149999999999,0.9717373840648508
g19,g27,0.1250239999999999,0.9737534727299312
g19,g29,0.011148000000000047,0.3900845070422535
g19,g30,0.010888000000000009,0.39096134340132993
g19,g31,0.12475999999999998,0.9735313579883832
g19,g32,0.1248229999999999,0.9734363502575424
g19,g33,0.12335499999999999,0.9717978848413632
g19,g34,0.12523799999999996,0.9734565185511072
g19,g35,0.12449500000000002,0.9713736223093424
g19,g36,0.12410399999999999,0.9728818528290823
g19,g37,0.12444500000000003,0.9740279014544376
g19,g39,0.12614099999999995,0.976491331178372
g19,g40,0.014912999999999954,0.4756508422664625
g19,g41,0.12456800000000001,0.9734363502575424
g19,g42,0.12454200000000004,0.9738016831320891
g19,g43,0.12443499999999996,0.9739749388299844
g19,g44,0.12585999999999997,0.9764844209288652
g19,g45,0.1247060000000001,0.973529411764706
g20,g2,0.18895300000000004,0.9971052250687508
g20,g3,0.19123500000000004,0.9973171906170462
g20,g4,0.12209700000000001,0.970171781786818
g20,g5,0.12270399999999992,0.9701170892895624
g20,g6,0.12385099999999993,0.972651775486827
g20,g8,0.12260199999999999,0.9684325108853412
g20,g9,0.12245300000000003,0.970429511347675
g20,g10,0.003948000000000063,0.18026905829596415
g20,g11,0.12364400000000009,0.9726037351936632
g20,g13,0.12426800000000005,0.972113856379136
g20,g15,0.185207,0.9971100208347335
g20,g16,0.12419300000000011,0.972693302673182
g20,g17,0.12362099999999998,0.9719928186714544
g20,g19,0.12235799999999997,0.9686931197670186
g20,g20,0,0
g20,g21,0.011017999999999972,0.4144781913678922
g20,g22,0.012214000000000058,0.4132287759972724
g20,g23,0.012051000000000034,0.41340909090909095
g20,g24,0.003314000000000039,0.1715404699738904
g20,g25,0.009718000000000004,0.33771773906861
g20,g26,0.009738000000000024,0.3385836096636665
g20,g27,0.010875000000000079,0.3674565192015875
g20,g29,0.123135,0.9698263386396528
g20,g30,0.12332499999999991,0.969951487944392
g20,g31,0.011967000000000061,0.4082847007666781
g20,g32,0.012095999999999996,0.40669417698303534
g20,g33,0.009202999999999961,0.3504020813623463
g20,g34,0.01243099999999997,0.409645422414776
g20,g35,0.012669000000000041,0.3990062398890687
g20,g36,0.008867999999999987,0.3297846889952153
g20,g37,0.007480000000000042,0.2962275819418676
g20,g39,0.011214999999999975,0.4154109589041096
g20,g40,0.10857200000000011,0.9318785442538224
g20,g41,0.012253999999999987,0.40724189297582214
g20,g42,0.01070199999999999,0.3742145683034675
g20,g43,0.006971999999999978,0.296429012727048
g20,g44,0.011136999999999952,0.4140571428571429
g20,g45,0.012056000000000067,0.4065757818765035
g21,g2,0.18924000000000007,0.9971304539768964
g21,g3,0.19075199999999992,0.9972744426584668
g21,g4,0.1258410000000001,0.9775940830976724
g21,g5,0.12544600000000006,0.9775346039568084
g21,g6,0.12504400000000004,0.9748838559814168
g21,g8,0.12536900000000006,0.9772594325826264
g21,g9,0.12561499999999992,0.976311463159468
g21,g10,0.011951999999999963,0.42677023528087354
g21,g11,0.12485299999999999,0.974188790560472
g21,g13,0.1242350000000001,0.9730800264065136
g21,g15,0.186566,0.9969965870307168
g21,g16,0.12501700000000004,0.975307742734358
g21,g17,0.12539500000000003,0.9754163939195578
g21,g19,0.12623600000000001,0.9764999632811926
g21,g20,0.011282999999999932,0.4144781913678922
g21,g21,0,0
g21,g22,0.01313299999999995,0.4320127868478136
g21,g23,0.012830000000000008,0.4314755596162632
g21,g24,0.012599000000000027,0.4221255153458543
g21,g25,0.01045599999999991,0.3508604206500956
g21,g26,0.010241000000000056,0.3509379854223922
g21,g27,0.008396999999999988,0.3244428206065034
g21,g29,0.125193,0.976099985382254
g21,g30,0.12490499999999993,0.9760807548825982
g21,g31,0.007248000000000032,0.2876095118898623
g21,g32,0.006680000000000019,0.2856426332288401
g21,g33,0.01018399999999997,0.366547619047619
g21,g34,0.007557999999999954,0.29234598630989417
g21,g35,0.006306000000000034,0.2796364095442495
g21,g36,0.009539000000000075,0.34358417752050174
g21,g37,0.008187999999999973,0.32422068283028205
g21,g39,1.4799999999992597e-4,0.00802451123431569
g21,g40,0.11188299999999995,0.947111238861742
g21,g41,0.0072150000000000825,0.28607245831766326
g21,g42,0.009006999999999987,0.3318363879111542
g21,g43,0.00813100000000011,0.3252223320158103
g21,g44,1.1399999999994748e-4,0.00598977355734109
g21,g45,0.006765000000000021,0.28580378398696904
g22,g2,0.18841800000000009,0.9968528141696552
g22,g3,0.1901179999999999,0.9969401947148818
g22,g4,0.12392599999999998,0.9732000579458208
g22,g5,0.12366299999999997,0.9732175171914584
g22,g6,0.12307100000000004,0.97175550405562
g22,g8,0.12441800000000003,0.9730538922155688
g22,g9,0.12492400000000004,0.9746166443352688
g22,g10,0.014060000000000072,0.42212240314430094
g22,g11,0.12415999999999994,0.970860927152318
g22,g13,0.12410900000000002,0.9697723779550612
g22,g15,0.18705699999999992,0.9968077158187868
g22,g16,0.12499300000000002,0.9732868757259
g22,g17,0.12442200000000003,0.9733980864018555
g22,g19,0.12605,0.97363216875412
g22,g20,0.01256299999999999,0.4132287759972724
g22,g21,0.01364299999999996,0.4320127868478136
g22,g22,0,0
g22,g23,1.9099999999994122e-4,0.01237766263673001
g22,g24,0.0126949999999999,0.4055702612498562
g22,g25,0.012449000000000043,0.4074371628600941
g22,g26,0.012799000000000005,0.4062248765361204
g22,g27,0.013549000000000033,0.42527034718269774
g22,g29,0.12370400000000004,0.973396501457726
g22,g30,0.1244670000000001,0.9733751550076593
g22,g31,0.012891999999999904,0.4177113283496262
g22,g32,0.012822,0.4170408750719632
g22,g33,0.011969000000000007,0.4110330530922493
g22,g34,0.013071999999999973,0.41958762886597933
g22,g35,0.012251000000000012,0.40847851335656216
g22,g36,0.012405,0.4022443313280889
g22,g37,0.011253999999999986,0.40124398544771744
g22,g39,0.013135999999999926,0.4334778639890461
g22,g40,0.11120500000000011,0.9430929314675278
g22,g41,0.012888999999999928,0.41722311766060327
g22,g42,0.013456999999999941,0.4331065759637188
g22,g43,0.011279999999999957,0.40208601898511664
g22,g44,0.013261999999999996,0.43214530500342696
g22,g45,0.012848999999999888,0.4172802577082375
g23,g2,0.18816199999999994,0.9968528141696552
g23,g3,0.190029,0.9969401947148818
g23,g4,0.12403800000000009,0.9731256791017748
g23,g5,0.12447299999999994,0.973068848186491
g23,g6,0.12289000000000005,0.971457548536656
g23,g8,0.12422300000000008,0.9729038854805726
g23,g9,0.12476900000000002,0.9744639666468136
g23,g10,0.01413399999999998,0.4224767037161783
g23,g11,0.12384200000000012,0.9707851939068364
g23,g13,0.12334699999999998,0.9696969696969696
g23,g15,0.18614000000000008,0.9968077158187868
g23,g16,0.12437700000000007,0.9732123411978222
g23,g17,0.12432199999999993,0.9733236679956506
g23,g19,0.12499399999999994,0.9734817962054062
g23,g20,0.012438999999999978,0.41340909090909095
g23,g21,0.013301000000000007,0.4314755596162632
g23,g22,1.8600000000001948e-4,0.01237766263673001
g23,g23,0,0
g23,g24,0.012619999999999965,0.4046522339935513
g23,g25,0.012763999999999998,0.4065227377124483
g23,g26,0.012799000000000005,0.4053091243392324
g23,g27,0.013940999999999981,0.4238350233564999
g23,g29,0.124174,0.9730971128608924
g23,g30,0.12389499999999998,0.9731504450605574
g23,g31,0.013144999999999962,0.4168009205983889
g23,g32,0.012658999999999976,0.4163114848519755
g23,g33,0.012369999999999992,0.41066697385093887
g23,g34,0.013348000000000027,0.41940657578187646
g23,g35,0.013066000000000022,0.4086633375914528
g23,g36,0.012201000000000017,0.40131959717559906
g23,g37,0.01124499999999995,0.40086864655476
g23,g39,0.013542999999999972,0.4325836282680672
g23,g40,0.11073899999999992,0.942713567839196
g23,g41,0.012998999999999983,0.4164938954158029
g23,g42,0.013916999999999957,0.4320399364647153
g23,g43,0.011047999999999947,0.40152403282532234
g23,g44,0.013078000000000034,0.4319661830229635
g23,g45,0.012877000000000027,0.41655156537753224
g24,g2,0.18905400000000006,0.9970824215900802
g24,g3,0.19037199999999999,0.997158106328412
g24,g4,0.12261999999999995,0.970684039087948
g24,g5,0.12203000000000008,0.9706286623743036
g24,g6,0.12235699999999994,0.9713253882267968
g24,g8,0.12275800000000003,0.9690879859690148
g24,g9,0.12188999999999994,0.9694235215154
g24,g10,0.0030569999999999764,0.15582886301190635
g24,g11,0.123116,0.972161172161172
g24,g13,0.12420900000000001,0.9731655879572396
g24,g15,0.18552199999999996,0.9970888903933384
g24,g16,0.12273600000000007,0.9715859669469412
g24,g17,0.12361199999999994,0.9717739017152784
g24,g19,0.12348999999999999,0.9705602343463932
g24,g20,0.0028770000000000184,0.1715404699738904
g24,g21,0.011956999999999995,0.4221255153458543
g24,g22,0.012109999999999954,0.4055702612498562
g24,g23,0.01247699999999996,0.4046522339935513
g24,g24,0,0
g24,g25,0.009086999999999956,0.32268948066032055
g24,g26,0.009094000000000046,0.3217600964436408
g24,g27,0.009969000000000006,0.34923278220530507
g24,g29,0.1234050000000001,0.970939548434086
g24,g30,0.12419499999999994,0.9709912536443148
g24,g31,0.012602000000000002,0.40807381776239904
g24,g32,0.012938000000000005,0.4072063748700774
g24,g33,0.009583999999999926,0.3372176838058626
g24,g34,0.012782999999999989,0.4103594808774549
g24,g35,0.012626999999999944,0.40020947282671937
g24,g36,0.008307999999999982,0.31160126736534244
g24,g37,0.007408999999999999,0.29226540047482197
g24,g39,0.012496000000000063,0.42215603161874216
g24,g40,0.10846900000000004,0.9289443155452436
g24,g41,0.012892999999999932,0.40812557710064634
g24,g42,0.010152999999999968,0.3575405757611657
g24,g43,0.00750200000000012,0.29268597104343486
g24,g44,0.012043000000000026,0.42116729732828806
g24,g45,0.012800000000000034,0.4069029204663511
g25,g2,0.189438,0.997087095834547
g25,g3,0.190562,0.9973012248287316
g25,g4,0.12155600000000011,0.970656259034403
g25,g5,0.12168499999999993,0.9705266199523224
g25,g6,0.12207400000000002,0.9699595609474292
g25,g8,0.12198200000000003,0.9704896531623434
g25,g9,0.12288300000000008,0.970699784338514
g25,g10,0.009150000000000102,0.3378076062639821
g25,g11,0.12235499999999999,0.9692657522188808
g25,g13,0.12253000000000003,0.9711916193801832
g25,g15,0.18640800000000002,0.9972287935113214
g25,g16,0.12314499999999995,0.9718544244265972
g25,g17,0.12229900000000005,0.969510428736964
g25,g19,0.12390000000000001,0.9718854972980868
g25,g20,0.009086000000000038,0.33771773906861
g25,g21,0.009929000000000077,0.3508604206500956
g25,g22,0.012386000000000008,0.4074371628600941
g25,g23,0.012523000000000062,0.4065227377124483
g25,g24,0.008859999999999979,0.32268948066032055
g25,g25,0,0
g25,g26,1.4999999999998348e-4,0.00984870111333147
g25,g27,0.0067589999999999595,0.2281708094327597
g25,g29,0.12159400000000009,0.9691119691119692
g25,g30,0.12219899999999995,0.9692374981775768
g25,g31,0.00863400000000003,0.3211076026232693
g25,g32,0.008973000000000009,0.32109868740884784
g25,g33,0.008221999999999952,0.29651019906610965
g25,g34,0.009375000000000022,0.3263310394784499
g25,g35,0.007512999999999992,0.2823103792415169
g25,g36,0.0011450000000000626,0.04439120631341597
g25,g37,0.0030569999999999764,0.1854453870625663
g25,g39,0.010255999999999932,0.35007774189690233
g25,g40,0.10545599999999988,0.9205399489237504
g25,g41,0.008764999999999912,0.32191448007774537
g25,g42,0.0067949999999999955,0.2373698908352374
g25,g43,0.0030970000000000164,0.18481717011128773
g25,g44,0.009684000000000026,0.34996410624551333
g25,g45,0.008959999999999968,0.3214329083181542
g26,g2,0.18933699999999998,0.9970873079443676
g26,g3,0.190299,0.9973014115693328
g26,g4,0.12197900000000006,0.9705095771593784
g26,g5,0.12207099999999993,0.970454381275735
g26,g6,0.12226000000000004,0.9698129558749188
g26,g8,0.12220600000000004,0.9703417620053923
g26,g9,0.12325900000000001,0.9705488621151273
g26,g10,0.009603000000000028,0.33671065032987746
g26,g11,0.12298699999999996,0.9690411561881006
g26,g13,0.1228530000000001,0.9710440160058202
g26,g15,0.18622100000000008,0.9972967493410828
g26,g16,0.12313299999999994,0.9716332585570592
g26,g17,0.12210999999999994,0.9693633664083436
g26,g19,0.12339800000000001,0.9717373840648508
g26,g20,0.009043999999999941,0.3385836096636665
g26,g21,0.00992700000000002,0.3509379854223922
g26,g22,0.012488000000000055,0.4062248765361204
g26,g23,0.012459999999999916,0.4053091243392324
g26,g24,0.009136000000000033,0.3217600964436408
g26,g25,1.64000000000053e-4,0.00984870111333147
g26,g26,0,0
g26,g27,0.006603999999999943,0.22804333970681967
g26,g29,0.12248999999999999,0.9688888888888888
g26,g30,0.12293899999999991,0.9689391177542837
g26,g31,0.008944000000000063,0.3226158699344819
g26,g32,0.008668000000000009,0.32097715119105497
g26,g33,0.008691000000000004,0.29617795256236945
g26,g34,0.009882000000000057,0.32641236117817485
g26,g35,0.00781899999999991,0.2828282828282829
g26,g36,0.0012350000000000971,0.04342309319046944
g26,g37,0.003182000000000018,0.18555334658714384
g26,g39,0.009818999999999911,0.3523229427923086
g26,g40,0.10550099999999996,0.9204669828529732
g26,g41,0.00918999999999992,0.32260806216610005
g26,g42,0.00669300000000006,0.2388078630310717
g26,g43,0.0032200000000000006,0.18732636592141816
g26,g44,0.009740000000000082,0.3508310414922875
g26,g45,0.009124999999999939,0.322533673097925
g27,g2,0.18913999999999997,0.9972246567338592
g27,g3,0.19022400000000006,0.997293358317718
g27,g4,0.12428499999999998,0.9744330492561027
g27,g5,0.12412299999999998,0.9743756315865454
g27,g6,0.123942,0.9743996538544748
g27,g8,0.12402400000000002,0.974222675307653
g27,g9,0.12488200000000005,0.9759554730983302
g27,g10,0.011029000000000067,0.370194534506716
g27,g11,0.12405600000000006,0.9743777452415812
g27,g13,0.12421800000000005,0.9729769101901086
g27,g15,0.1864149999999999,0.997152928416486
g27,g16,0.12434400000000001,0.9745965115437504
g27,g17,0.12497600000000009,0.974705499747055
g27,g19,0.12532200000000004,0.9737534727299312
g27,g20,0.010620999999999992,0.3674565192015875
g27,g21,0.008512999999999993,0.3244428206065034
g27,g22,0.013156000000000057,0.42527034718269774
g27,g23,0.013182999999999945,0.4238350233564999
g27,g24,0.010589999999999988,0.34923278220530507
g27,g25,0.006332000000000004,0.2281708094327597
g27,g26,0.006549000000000027,0.22804333970681967
g27,g27,0,0
g27,g29,0.12480000000000002,0.9757531760435572
g27,g30,0.12532900000000002,0.9758826093273282
g27,g31,0.005886999999999976,0.24231603111847977
g27,g32,0.005819999999999936,0.24067450178845173
g27,g33,0.00799800000000006,0.2689128256513026
g27,g34,0.00599100000000008,0.2566851664984864
g27,g35,0.003944999999999976,0.19524059952668948
g27,g36,0.006356999999999946,0.2198919197117859
g27,g37,0.005700999999999956,0.23133748055987555
g27,g39,0.008692000000000033,0.32443957115009747
g27,g40,0.10142700000000004,0.9017272185824896
g27,g41,0.005681000000000047,0.2415730337078652
g27,g42,2.1199999999987895e-4,0.0211549456832476
g27,g43,0.006080000000000085,0.23253105590062104
g27,g44,0.008546000000000054,0.3239058880897233
g27,g45,0.005751999999999979,0.2419951524429136
g29,g2,0.197971,0.9979214449541284
g29,g3,0.198005,0.9979548708160064
g29,g4,0.008437000000000028,0.334178674351585
g29,g5,0.007990000000000053,0.3344851416724257
g29,g6,0.007307999999999981,0.24697189922480625
g29,g8,0.007656000000000107,0.31555451127819545
g29,g9,0.008070000000000022,0.31676051275907513
g29,g10,0.12232399999999999,0.969055843408175
g29,g11,0.008067000000000046,0.2947506875523138
g29,g13,0.008670999999999984,0.3136310223266745
g29,g15,0.196006,0.9978017585931256
g29,g16,0.01002499999999995,0.35437114813969417
g29,g17,0.009424000000000099,0.3493769292328799
g29,g19,0.010577999999999976,0.3900845070422535
g29,g20,0.12336999999999998,0.9698263386396528
g29,g21,0.12468299999999999,0.976099985382254
g29,g22,0.12358099999999994,0.973396501457726
g29,g23,0.12345600000000001,0.9730971128608924
g29,g24,0.12359500000000001,0.970939548434086
g29,g25,0.12213099999999999,0.9691119691119692
g29,g26,0.12261500000000003,0.9688888888888888
g29,g27,0.12478499999999992,0.9757531760435572
g29,g29,0,0
g29,g30,1.7700000000009375e-4,0.00901900929651722
g29,g31,0.124749,0.9750200861880068
g29,g32,0.124915,0.9749269005847954
g29,g33,0.12472099999999997,0.9750163886663268
g29,g34,0.12485900000000005,0.9747923648550196
g29,g35,0.12490599999999996,0.9754452832954628
g29,g36,0.123116,0.9717497627564056
g29,g37,0.12445499999999998,0.977336276674025
g29,g39,0.12456900000000004,0.9760163790582042
g29,g40,0.002587000000000006,0.18145454545454545
g29,g41,0.12465999999999999,0.9748519628627824
g29,g42,0.12472800000000006,0.9758773523214416
g29,g43,0.12476200000000004,0.9772058823529411
g29,g44,0.12436000000000003,0.9760842536385578
g29,g45,0.12451099999999993,0.9749433851997956
g30,g2,0.19800399999999996,0.997919804892045
g30,g3,0.19791599999999998,0.9979533360622186
g30,g4,0.008884000000000003,0.3346788144389343
g30,g5,0.008632000000000084,0.33556041930653147
g30,g6,0.00731499999999996,0.24830426356589153
g30,g8,0.008162000000000003,0.31645123384253815
g30,g9,0.008628999999999998,0.31727196452115547
g30,g10,0.12243199999999999,0.9690313287720562
g30,g11,0.0081699999999999,0.2942303088340914
g30,g13,0.008773999999999949,0.31393298059964725
g30,g15,0.19617700000000005,0.9978669510731902
g30,g16,0.00974100000000011,0.35449977158519874
g30,g17,0.009265000000000079,0.349691146190803
g30,g19,0.010670999999999986,0.39096134340132993
g30,g20,0.1234010000000001,0.969951487944392
g30,g21,0.12529600000000007,0.9760807548825982
g30,g22,0.12346000000000001,0.9733751550076593
g30,g23,0.12369600000000003,0.9731504450605574
g30,g24,0.12333799999999995,0.9709912536443148
g30,g25,0.12196799999999997,0.9692374981775768
g30,g26,0.12212299999999998,0.9689391177542837
g30,g27,0.12527699999999997,0.9758826093273282
g30,g29,1.5900000000002024e-4,0.00901900929651722
g30,g30,0,0
g30,g31,0.12535200000000002,0.975
g30,g32,0.12507499999999994,0.9749067232423732
g30,g33,0.12444100000000002,0.9750710693199212
g30,g34,0.1247029999999999,0.974921630094044
g30,g35,0.125324,0.97550062348712685
g30,g36,0.12283500000000003,0.9718772826880936
g30,g37,0.12458200000000008,0.9774685222001326
g30,g39,0.125151,0.9760720035123664
g30,g40,0.002734999999999932,0.1825675839495696
g30,g41,0.12513200000000002,0.9749067232423732
g30,g42,0.12548700000000002,0.9759325238129862
g30,g43,0.12400599999999995,0.977337944227798
g30,g44,0.12432699999999997,0.9760649978041284
g30,g45,0.12457099999999999,0.974998172381022
g31,g2,0.18938299999999997,0.9971355123026074
g31,g3,0.19012699999999993,0.9970690858339148
g31,g4,0.12466899999999992,0.9733226720942064
g31,g5,0.124448,0.9733401133226792
g31,g6,0.12450000000000006,0.9732907533749456
g31,g8,0.12446500000000005,0.9729511801788594
g31,g9,0.12526399999999993,0.9746712492528392
g31,g10,0.012329000000000034,0.4156858306926211
g31,g11,0.12482899999999997,0.9731761238025056
g31,g13,0.12347700000000006,0.9714704803813716
g31,g15,0.18692600000000004,0.9972748330835264
g31,g16,0.12524100000000005,0.9734100677496904
g31,g17,0.12521300000000002,0.9732974388824214
g31,g19,0.12508200000000003,0.9735313579883832
g31,g20,0.011448000000000014,0.4082847007666781
g31,g21,0.0068949999999999845,0.2876095118898623
g31,g22,0.012873000000000023,0.4177113283496262
g31,g23,0.012261000000000077,0.4168009205983889
g31,g24,0.01263700000000001,0.40807381776239904
g31,g25,0.009120000000000017,0.3211076026232693
g31,g26,0.009288999999999992,0.3226158699344819
g31,g27,0.005778999999999979,0.24231603111847977
g31,g29,0.124803,0.9750200861880068
g31,g30,0.12547200000000003,0.975
g31,g31,0,0
g31,g32,1.3099999999999223e-4,0.00814426992437467
g31,g33,0.009698000000000095,0.339975845410628
g31,g34,0.0010259999999999714,0.06299323562570458
g31,g35,0.002737999999999907,0.14069735766821034
g31,g36,0.008790000000000076,0.3159118727050184
g31,g37,0.008392999999999984,0.31437088560427273
g31,g39,0.0069150000000000045,0.2867343104096205
g31,g40,0.10918700000000003,0.9353645266594124
g31,g41,1.5199999999992997e-4,0.00843391013523342
g31,g42,0.005747999999999975,0.2536783358701167
g31,g43,0.00821700000000003,0.31518233688910935
g31,g44,0.006701000000000068,0.28659147869674184
g31,g45,1.260000000000705e-4,0.00683536940081441
g32,g2,0.18868200000000002,0.9971334068357222
g32,g3,0.190218,0.9970670391061452
g32,g4,0.12331100000000006,0.9733032661671638
g32,g5,0.12334900000000004,0.9732460923300618
g32,g6,0.12356999999999996,0.9731967748964916
g32,g8,0.12336100000000005,0.9728559900227424
g32,g9,0.12433700000000003,0.9745756374785016
g32,g10,0.012498999999999927,0.41502379333786543
g32,g11,0.1236060000000001,0.9731563421828908
g32,g13,0.12308400000000008,0.9714495412844036
g32,g15,0.18611299999999997,0.9972729751840742
g32,g16,0.123977,0.97331583552056
g32,g17,0.12404300000000001,0.973277996213776
g32,g19,0.1241549999999999,0.9734363502575424
g32,g20,0.011855999999999978,0.40669417698303534
g32,g21,0.007283999999999957,0.2856426332288401
g32,g22,0.012446000000000068,0.4170408750719632
g32,g23,0.012839000000000045,0.4163114848519755
g32,g24,0.01227900000000004,0.4072063748700774
g32,g25,0.008859000000000061,0.32109868740884784
g32,g26,0.008874000000000049,0.32097715119105497
g32,g27,0.006068999999999991,0.24067450178845173
g32,g29,0.12403699999999995,0.9749269005847954
g32,g30,0.12447299999999994,0.9749067232423732
g32,g31,1.28000000000017e-4,0.00814426992437467
g32,g32,0,0
g32,g33,0.009963000000000055,0.33897690168097716
g32,g34,8.909999999999751e-4,0.06249118352376925
g32,g35,0.0025340000000000362,0.13850982532751088
g32,g36,0.008618000000000015,0.3146604559941162
g32,g37,0.00823700000000005,0.3139375854780555
g32,g39,0.006869999999999932,0.28691401353722734
g32,g40,0.10815600000000003,0.9354721637511796
g32,g41,1.340000000000785e-4,0.00582835494681621
g32,g42,0.005730999999999931,0.2522865853658537
g32,g43,0.008228000000000013,0.31475043456667495
g32,g44,0.006860000000000088,0.28483555109214165
g32,g45,1.3900000000011126e-4,0.0068403434725659
g33,g2,0.18974800000000003,0.99707024097268
g33,g3,0.19090799999999997,0.997356153899673
g33,g4,0.12336400000000003,0.9739930454940596
g33,g5,0.12315100000000001,0.9739357080799304
g33,g6,0.12291700000000005,0.973291835552982
g33,g8,0.12341800000000003,0.9739282845249396
g33,g9,0.1236799999999999,0.9749739311783108
g33,g10,0.009831999999999952,0.35832066424979536
g33,g11,0.12373400000000001,0.9728756248162304
g33,g13,0.12251699999999999,0.9717774365723476
g33,g15,0.18644400000000005,0.9970094474274452
g33,g16,0.1238800000000001,0.9736345148169668
g33,g17,0.12401899999999999,0.9737452857557296
g33,g19,0.12391000000000008,0.9717978848413632
g33,g20,0.008982000000000046,0.3504020813623463
g33,g21,0.010288000000000075,0.366547619047619
g33,g22,0.01225200000000004,0.4110330530922493
g33,g23,0.012129000000000056,0.41066697385093887
g33,g24,0.009750999999999954,0.3372176838058626
g33,g25,0.008755000000000068,0.29651019906610965
g33,g26,0.008375999999999939,0.29617795256236945
g33,g27,0.008334999999999981,0.2689128256513026
g33,g29,0.12366100000000002,0.9750163886663268
g33,g30,0.12391999999999992,0.9750710693199212
g33,g31,0.009951999999999961,0.339975845410628
g33,g32,0.010178999999999938,0.33897690168097716
g33,g33,0,0
g33,g34,0.009484999999999966,0.34167468719923
g33,g35,0.010282000000000013,0.36322333811573415
g33,g36,0.008214999999999972,0.2895748109582249
g33,g37,0.006461999999999968,0.27328089317432125
g33,g39,0.010096999999999912,0.3671428571428571
g33,g40,0.10593699999999995,0.9207129235734194
g33,g41,0.010321000000000025,0.33877600387034346
g33,g42,0.007908999999999944,0.2747719605148069
g33,g43,0.0062710000000000266,0.27438560932353684
g33,g44,0.010224999999999929,0.365673420738975
g33,g45,0.010079999999999978,0.33909365558912385
g34,g2,0.18945299999999998,0.9972171365800072
g34,g3,0.18978899999999999,0.9970770408518338
g34,g4,0.123309,0.9729514140681652
g34,g5,0.12335600000000002,0.9728946224090448
g34,g6,0.12438400000000005,0.97292013612338
g34,g8,0.12360399999999994,0.9725776965265084
g34,g9,0.12427199999999994,0.9743627962438516
g34,g10,0.012704999999999966,0.4180752760874464
g34,g11,0.12334500000000004,0.9733284349742836
g34,g13,0.12325000000000008,0.9716270566727604
g34,g15,0.186276,0.9972139168252242
g34,g16,0.12430600000000003,0.9734108245550308
g34,g17,0.12433300000000003,0.9735219441421836
g34,g19,0.12456800000000001,0.9734565185511072
g34,g20,0.012587000000000015,0.409645422414776
g34,g21,0.007622999999999935,0.29234598630989417
g34,g22,0.012840000000000074,0.41958762886597933
g34,g23,0.013005000000000044,0.41940657578187646
g34,g24,0.012970999999999955,0.4103594808774549
g34,g25,0.009770000000000056,0.3263310394784499
g34,g26,0.009783000000000097,0.32641236117817485
g34,g27,0.006200000000000094,0.2566851664984864
g34,g29,0.12385299999999999,0.9747923648550196
g34,g30,0.1242740000000001,0.974921630094044
g34,g31,9.990000000000832e-4,0.06299323562570458
g34,g32,9.220000000000894e-4,0.06249118352376925
g34,g33,0.009629999999999916,0.34167468719923
g34,g34,0,0
g34,g35,0.003202000000000038,0.1542402588647701
g34,g36,0.009209000000000023,0.31875228463506766
g34,g37,0.008092999999999906,0.31933810817485797
g34,g39,0.007185999999999915,0.29190535491905356
g34,g40,0.10930800000000007,0.9394594594594594
g34,g41,9.359999999999369e-4,0.06249118352376925
g34,g42,0.006337000000000037,0.2678459415380755
g34,g43,0.008549000000000029,0.3199309324124322
g34,g44,0.006928000000000045,0.29112662013958124
g34,g45,8.839999999998849e-4,0.06149506346967559
g35,g2,0.18838899999999992,0.9971978467664626
g35,g3,0.18973099999999998,0.9970577933450088
g35,g4,0.12421800000000005,0.9723155588020452
g35,g5,0.12466100000000002,0.9723337469888312
g35,g6,0.12414500000000006,0.9735576923076924
g35,g8,0.124726,0.9720094284030644
g35,g9,0.12458100000000005,0.9720989696924118
g35,g10,0.012305999999999928,0.40238313473877174
g35,g11,0.125232,0.9737503697131026
g35,g13,0.12443499999999996,0.9723387037445744
g35,g15,0.18563000000000007,0.9972645831908638
g35,g16,0.125305,0.9746530314097882
g35,g17,0.12555700000000003,0.9745385569417088
g35,g19,0.12406300000000003,0.9713736223093424
g35,g20,0.011878999999999973,0.3990062398890687
g35,g21,0.006549000000000027,0.2796364095442495
g35,g22,0.01215299999999997,0.40847851335656216
g35,g23,0.012212,0.4086633375914528
g35,g24,0.01225300000000007,0.40020947282671937
g35,g25,0.00732900000000003,0.2823103792415169
g35,g26,0.007399000000000044,0.2828282828282829
g35,g27,0.0037760000000000016,0.19524059952668948
g35,g29,0.12551,0.9754452832954628
g35,g30,0.12542199999999992,0.97550062348712685
g35,g31,0.002681999999999962,0.14069735766821034
g35,g32,0.0026639999999999997,0.13850982532751088
g35,g33,0.010311999999999988,0.36322333811573415
g35,g34,0.002719000000000027,0.1542402588647701
g35,g35,0,0
g35,g36,0.0069310000000000205,0.2747072894372403
g35,g37,0.006376000000000048,0.2689549180327869
g35,g39,0.0066150000000000375,0.2798333122869049
g35,g40,0.11187100000000005,0.9415810047777616
g35,g41,0.002639000000000058,0.13977908086731217
g35,g42,0.003893999999999953,0.20885579937304077
g35,g43,0.006551999999999891,0.26963417753901253
g35,g44,0.006109000000000031,0.2785994185311591
g35,g45,0.0025690000000000435,0.13931297709923662
g36,g2,0.18918999999999997,0.9969998536513976
g36,g3,0.189863,0.997358726628206
g36,g4,0.12314599999999998,0.9731276256699986
g36,g5,0.12263599999999997,0.9730707977414216
g36,g6,0.121448,0.9694440412251416
g36,g8,0.12242000000000008,0.9729808675332262
g36,g9,0.12315299999999996,0.9737018550249572
g36,g10,0.008970000000000034,0.3295292439372325
g36,g11,0.12225399999999997,0.9696500920810311
g36,g13,0.12289000000000005,0.9719564741108596
g36,g15,0.18628900000000004,0.9972165648336728
g36,g16,0.12291600000000003,0.9723190932868352
g36,g17,0.12290699999999999,0.9723572516868606
g36,g19,0.12329400000000001,0.9728818528290823
g36,g20,0.008355000000000001,0.3297846889952153
g36,g21,0.009731000000000045,0.34358417752050174
g36,g22,0.012067999999999968,0.4022443313280889
g36,g23,0.012028999999999956,0.40131959717559906
g36,g24,0.008002000000000065,0.31160126736534244
g36,g25,0.0011160000000000059,0.04439120631341597
g36,g26,0.0010740000000000194,0.04342309319046944
g36,g27,0.005993000000000026,0.2198919197117859
g36,g29,0.12256200000000006,0.9717497627564056
g36,g30,0.12258599999999997,0.9718772826880936
g36,g31,0.00880700000000001,0.3159118727050184
g36,g32,0.008373999999999993,0.3146604559941162
g36,g33,0.00820899999999991,0.2895748109582249
g36,g34,0.008790000000000076,0.31875228463506766
g36,g35,0.0071750000000000425,0.2747072894372403
g36,g36,0,0
g36,g37,0.003102999999999967,0.1766595289079229
g36,g39,0.009461000000000053,0.34458644803472394
g36,g40,0.10561899999999991,0.9234760999853824
g36,g41,0.00864699999999996,0.3150735294117647
g36,g42,0.005955000000000044,0.23057226987581617
g36,g43,0.0030639999999999556,0.17870976359022306
g36,g44,0.009409,0.34267085245109874
g36,g45,0.008708000000000049,0.3160342717258262
g37,g2,0.18870900000000002,0.99703242080273
g37,g3,0.1909439999999999,0.997111862496478
g37,g4,0.12405900000000003,0.975390024170512
g37,g5,0.12419599999999997,0.9754062362758016
g37,g6,0.12431700000000001,0.9768511756973856
g37,g8,0.12402800000000003,0.9754116517758252
g37,g9,0.12494000000000005,0.9761904761904762
g37,g10,0.006556000000000117,0.2972242692213215
g37,g11,0.12493700000000008,0.9767148683722656
g37,g13,0.12471900000000002,0.9764922623434046
g37,g15,0.18639799999999995,0.9969736570603204
g37,g16,0.12416300000000002,0.9754826396535272
g37,g17,0.123969,0.9756669598358252
g37,g19,0.12409300000000001,0.9740279014544376
g37,g20,0.0065470000000000805,0.2962275819418676
g37,g21,0.007887000000000088,0.32422068283028205
g37,g22,0.011014999999999997,0.40124398544771744
g37,g23,0.010815999999999937,0.40086864655476
g37,g24,0.0070550000000000335,0.29226540047482197
g37,g25,0.003114999999999979,0.1854453870625663
g37,g26,0.0029409999999999714,0.18555334658714384
g37,g27,0.005066999999999933,0.23133748055987555
g37,g29,0.124421,0.977336276674025
g37,g30,0.12487899999999996,0.9774685222001326
g37,g31,0.008186000000000027,0.31437088560427273
g37,g32,0.008046999999999915,0.3139375854780555
g37,g33,0.00620900000000002,0.27328089317432125
g37,g34,0.007626999999999939,0.31933810817485797
g37,g35,0.006309000000000009,0.2689549180327869
g37,g36,0.002963000000000049,0.1766595289079229
g37,g37,0,0
g37,g39,0.008068999999999993,0.32463194358530245
g37,g40,0.10934100000000002,0.9355051244509516
g37,g41,0.007859999999999978,0.3145662440964454
g37,g42,0.005237000000000047,0.23612368999870617
g37,g43,1.7500000000003624e-4,0.00829383886255918
g37,g44,0.007310999999999956,0.3234674922600619
g37,g45,0.007745000000000002,0.3147044212617983
g39,g2,0.18929799999999997,0.9971293979096127
g39,g3,0.18961299999999992,0.997273489932886
g39,g4,0.12528300000000003,0.9775859567677354
g39,g5,0.125201,0.9775264607800492
g39,g6,0.12452200000000002,0.9748747367656668
g39,g8,0.1253749999999999,0.9772511154999636
g39,g9,0.12477700000000003,0.9763026089556702
g39,g10,0.011867000000000072,0.4271560459356001
g39,g11,0.12479099999999999,0.9741035856573704
g39,g13,0.12374300000000005,0.9730701496918108
g39,g15,0.18551699999999993,0.9969270691068014
g39,g16,0.12484499999999998,0.9752240763681412
g39,g17,0.124606,0.975407450523865
g39,g19,0.1254550000000001,0.976491331178372
g39,g20,0.01092000000000004,0.4154109589041096
g39,g21,1.4799999999992597e-4,0.00802451123431569
g39,g22,0.013297000000000003,0.4334778639890461
g39,g23,0.013183999999999974,0.4325836282680672
g39,g24,0.011842999999999937,0.42215603161874216
g39,g25,0.010190000000000032,0.35007774189690233
g39,g26,0.010392999999999986,0.3523229427923086
g39,g27,0.008058999999999927,0.32443957115009747
g39,g29,0.12444999999999995,0.9760163790582042
g39,g30,0.12487499999999996,0.9760720035123664
g39,g31,0.006597999999999993,0.2867343104096205
g39,g32,0.006564999999999932,0.28691401353722734
g39,g33,0.010366000000000097,0.3671428571428571
g39,g34,0.007105999999999946,0.29190535491905356
g39,g35,0.006325999999999943,0.2798333122869049
g39,g36,0.009749999999999925,0.34458644803472394
g39,g37,0.007936999999999972,0.32463194358530245
g39,g39,0,0
g39,g40,0.11112600000000006,0.9470922291711596
g39,g41,0.006884000000000001,0.286269592476489
g39,g42,0.00820899999999991,0.3322408351541636
g39,g43,0.007916000000000034,0.32397675281315697
g39,g44,1.3700000000005375e-4,0.00672023374726082
g39,g45,0.006474000000000091,0.2857859112559539
g40,g2,0.1983799999999999,0.998013018156903
g40,g3,0.19808800000000004,0.9979753118672848
g40,g4,0.013190000000000035,0.4299979197004369
g40,g5,0.012939999999999952,0.43036790688006654
g40,g6,0.010943000000000036,0.3640692640692641
g40,g8,0.012525000000000008,0.4185580069671698
g40,g9,0.01203299999999996,0.42044721565254783
g40,g10,0.10857299999999992,0.9329959369876684
g40,g11,0.011466000000000087,0.39965639428755506
g40,g13,0.012382999999999922,0.4140046541146605
g40,g15,0.19569900000000007,0.9977640068996358
g40,g16,0.014251000000000014,0.44721649484536086
g40,g17,0.013751000000000069,0.44301053066281226
g40,g19,0.014606000000000008,0.4756508422664625
g40,g20,0.10875500000000005,0.9318785442538224
g40,g21,0.11232699999999995,0.947111238861742
g40,g22,0.11089899999999997,0.9430929314675278
g40,g23,0.11082599999999998,0.942713567839196
g40,g24,0.10735399999999995,0.9289443155452436
g40,g25,0.10511899999999996,0.9205399489237504
g40,g26,0.10556200000000004,0.9204669828529732
g40,g27,0.10246799999999989,0.9017272185824896
g40,g29,0.003041999999999989,0.18145454545454545
g40,g30,0.003062000000000009,0.1825675839495696
g40,g31,0.10959799999999997,0.9353645266594124
g40,g32,0.10984800000000006,0.9354721637511796
g40,g33,0.10535799999999995,0.9207129235734194
g40,g34,0.11031800000000003,0.9394594594594594
g40,g35,0.11145799999999995,0.9415810047777616
g40,g36,0.10628400000000005,0.9234760999853824
g40,g37,0.10902100000000003,0.9355051244509516
g40,g39,0.11169600000000002,0.9470922291711596
g40,g40,0,0
g40,g41,0.108989,0.9353176043557168
g40,g42,0.10216999999999998,0.9018702034125624
g40,g43,0.10938700000000001,0.9353281147121224
g40,g44,0.11142600000000003,0.9471527178602244
g40,g45,0.10888300000000006,0.9352053402989406
g41,g2,0.189689,0.9971334068357222
g41,g3,0.19003100000000006,0.9970670391061452
g41,g4,0.12359399999999998,0.9731538741360496
g41,g5,0.12355800000000006,0.973096778884607
g41,g6,0.12418400000000007,0.9730475844533236
g41,g8,0.12412999999999996,0.972705260840854
g41,g9,0.12495800000000001,0.974498953036195
g41,g10,0.012493000000000087,0.4155623513421679
g41,g11,0.12437100000000001,0.9732320625322616
g41,g13,0.12371200000000004,0.9714495412844036
g41,g15,0.18626299999999996,0.9972729751840742
g41,g16,0.12431999999999999,0.97331583552056
g41,g17,0.12465800000000005,0.9733527484528576
g41,g19,0.1246250000000001,0.9734363502575424
g41,g20,0.012532999999999905,0.40724189297582214
g41,g21,0.0071309999999999985,0.28607245831766326
g41,g22,0.01292800000000005,0.41722311766060327
g41,g23,0.013251000000000013,0.4164938954158029
g41,g24,0.012461999999999973,0.40812557710064634
g41,g25,0.009295999999999971,0.32191448007774537
g41,g26,0.009187000000000056,0.32260806216610005
g41,g27,0.006003000000000092,0.2415730337078652
g41,g29,0.12456900000000004,0.9748519628627824
g41,g30,0.12463999999999997,0.9749067232423732
g41,g31,1.4799999999992597e-4,0.00843391013523342
g41,g32,1.4899999999995472e-4,0.00582835494681621
g41,g33,0.009955000000000047,0.33877600387034346
g41,g34,9.990000000000832e-4,0.06249118352376925
g41,g35,0.0028369999999999784,0.13977908086731217
g41,g36,0.009149000000000074,0.3150735294117647
g41,g37,0.008472000000000035,0.3145662440964454
g41,g39,0.0070950000000000735,0.286269592476489
g41,g40,0.109402,0.9353176043557168
g41,g41,0,0
g41,g42,0.006195000000000062,0.2518424396442186
g41,g43,0.008592000000000044,0.31475043456667495
g41,g44,0.007209000000000021,0.28548123980424145
g41,g45,1.2500000000004174e-4,0.00713038416763678
g42,g2,0.18988499999999997,0.9972218160549788
g42,g3,0.19091800000000003,0.9972907259465092
g42,g4,0.12381299999999995,0.974703671581382
g42,g5,0.12410300000000007,0.9746460560531638
g42,g6,0.1244329999999999,0.9747438302785396
g42,g8,0.12358199999999997,0.9745700961818712
g42,g9,0.125166,0.975854383358098
g42,g10,0.010457999999999967,0.37726485862665893
g42,g11,0.12541799999999992,0.974576892080006
g42,g13,0.12447799999999998,0.9731739320600672
g42,g15,0.1863030000000001,0.9973543178888814
g42,g16,0.1253019999999999,0.9746450304259636
g42,g17,0.1255719999999999,0.9746798813571584
g42,g19,0.125317,0.9738016831320891
g42,g20,0.010648999999999909,0.3742145683034675
g42,g21,0.008773999999999949,0.3318363879111542
g42,g22,0.013078000000000034,0.4331065759637188
g42,g23,0.013529000000000013,0.4320399364647153
g42,g24,0.010403000000000051,0.3575405757611657
g42,g25,0.006506000000000012,0.2373698908352374
g42,g26,0.006480999999999959,0.2388078630310717
g42,g27,2.0500000000001073e-4,0.0211549456832476
g42,g29,0.12535399999999997,0.9758773523214416
g42,g30,0.12554199999999993,0.9759325238129862
g42,g31,0.005778999999999979,0.2536783358701167
g42,g32,0.005806000000000089,0.2522865853658537
g42,g33,0.007889000000000035,0.2747719605148069
g42,g34,0.006243999999999916,0.2678459415380755
g42,g35,0.004089000000000009,0.20885579937304077
g42,g36,0.006341000000000041,0.23057226987581617
g42,g37,0.005915000000000004,0.23612368999870617
g42,g39,0.009048999999999974,0.3322408351541636
g42,g40,0.10212199999999994,0.9018702034125624
g42,g41,0.005802999999999892,0.2518424396442186
g42,g42,0,0
g42,g43,0.005564000000000013,0.23662445076247096
g42,g44,0.008585999999999983,0.3307000486144871
g42,g45,0.005811000000000011,0.2518095238095238
g43,g2,0.18869500000000006,0.9970350604106442
g43,g3,0.18960599999999994,0.9971143018018018
g43,g4,0.12411000000000005,0.9754116355653129
g43,g5,0.12463499999999994,0.9753528852482996
g43,g6,0.1247839999999999,0.9767221249270286
g43,g8,0.12464799999999998,0.9753578279474694
g43,g9,0.12541200000000008,0.9759807243430464
g43,g10,0.00658000000000003,0.29846719803801347
g43,g11,0.12530299999999994,0.9766597510373444
g43,g13,0.12538099999999996,0.9765130319540568
g43,g15,0.18604699999999996,0.9969761528417292
g43,g16,0.12449299999999996,0.9754290743728912
g43,g17,0.12437299999999996,0.9756133284511168
g43,g19,0.12476299999999996,0.9739749388299844
g43,g20,0.006701999999999986,0.296429012727048
g43,g21,0.007917000000000063,0.3252223320158103
g43,g22,0.011320999999999914,0.40208601898511664
g43,g23,0.011183000000000054,0.40152403282532234
g43,g24,0.0071750000000000425,0.29268597104343486
g43,g25,0.0031759999999999566,0.18481717011128773
g43,g26,0.002973999999999921,0.18732636592141816
g43,g27,0.005075999999999969,0.23253105590062104
g43,g29,0.12494299999999992,0.9772058823529411
g43,g30,0.12523600000000001,0.977337944227798
g43,g31,0.007943999999999951,0.31518233688910935
g43,g32,0.007852000000000081,0.31475043456667495
g43,g33,0.0063469999999999915,0.27438560932353684
g43,g34,0.007616000000000067,0.3199309324124322
g43,g35,0.006113000000000035,0.26963417753901253
g43,g36,0.002734999999999932,0.17870976359022306
g43,g37,1.6900000000008575e-4,0.00829383886255918
g43,g39,0.008221000000000034,0.32397675281315697
g43,g40,0.10983900000000002,0.9353281147121224
g43,g41,0.00789799999999996,0.31475043456667495
g43,g42,0.005302999999999947,0.23662445076247096
g43,g43,0,0
g43,g44,0.007875999999999994,0.32364221204998145
g43,g45,0.008067999999999964,0.31426089115055234
g44,g2,0.189322,0.9971285524959506
g44,g3,0.19078300000000004,0.9972727272727272
g44,g4,0.12530699999999995,0.977579451458424
g44,g5,0.12600800000000012,0.977519941986947
g44,g6,0.12514399999999992,0.9748674366238106
g44,g8,0.125483,0.9772444574522572
g44,g9,0.12595500000000004,0.976295520825544
g44,g10,0.011886999999999981,0.425834084761046
g44,g11,0.12529200000000007,0.9743230281118572
g44,g13,0.124695,0.9732129751944812
g44,g15,0.18588700000000002,0.9969947407963936
g44,g16,0.12563800000000003,0.9752915451895044
g44,g17,0.12514099999999995,0.9754002911208152
g44,g19,0.12608999999999992,0.9764844209288652
g44,g20,0.010873000000000022,0.4140571428571429
g44,g21,1.0699999999996823e-4,0.00598977355734109
g44,g22,0.013163000000000036,0.43214530500342696
g44,g23,0.013116000000000017,0.4319661830229635
g44,g24,0.012406000000000028,0.42116729732828806
g44,g25,0.00991299999999995,0.34996410624551333
g44,g26,0.01007900000000006,0.3508310414922875
g44,g27,0.00805699999999998,0.3239058880897233
g44,g29,0.12540700000000005,0.9760842536385578
g44,g30,0.12543300000000002,0.9760649978041284
g44,g31,0.006817000000000073,0.28659147869674184
g44,g32,0.0064990000000000325,0.28483555109214165
g44,g33,0.009419000000000066,0.365673420738975
g44,g34,0.0072230000000000905,0.29112662013958124
g44,g35,0.006264000000000047,0.2785994185311591
g44,g36,0.009347000000000105,0.34267085245109874
g44,g37,0.007847000000000048,0.3234674922600619
g44,g39,1.1700000000003374e-4,0.00672023374726082
g44,g40,0.11209599999999997,0.9471527178602244
g44,g41,0.007207999999999992,0.28548123980424145
g44,g42,0.008637999999999924,0.3307000486144871
g44,g43,0.008305000000000007,0.32364221204998145
g44,g44,0,0
g44,g45,0.006824000000000052,0.28456712672521955
g45,g2,0.19005700000000003,0.997135301895108
g45,g3,0.18974599999999997,0.9970688812896922
g45,g4,0.12371600000000005,0.9731714410353351
g45,g5,0.12380300000000011,0.9731889849596744
g45,g6,0.12378600000000006,0.9731397459165154
g45,g8,0.12329999999999997,0.9727985922721608
g45,g9,0.12450100000000008,0.9745927365117322
g45,g10,0.012407999999999975,0.41544034412497166
g45,g11,0.12374200000000002,0.9732498157700812
g45,g13,0.12308400000000008,0.9714683878538948
g45,g15,0.185153,0.9972746474075084
g45,g16,0.1244329999999999,0.9734081305551509
g45,g17,0.12449299999999996,0.9733701979045402
g45,g19,0.12455499999999997,0.973529411764706
g45,g20,0.011869999999999936,0.4065757818765035
g45,g21,0.007270999999999916,0.28580378398696904
g45,g22,0.012811999999999935,0.4172802577082375
g45,g23,0.012780999999999931,0.41655156537753224
g45,g24,0.012198000000000042,0.4069029204663511
g45,g25,0.00917100000000004,0.3214329083181542
g45,g26,0.008921999999999985,0.322533673097925
g45,g27,0.005669999999999953,0.2419951524429136
g45,g29,0.12393100000000001,0.9749433851997956
g45,g30,0.12456100000000003,0.974998172381022
g45,g31,1.260000000000705e-4,0.00683536940081441
g45,g32,1.380000000000825e-4,0.0068403434725659
g45,g33,0.009643999999999986,0.33909365558912385
g45,g34,8.540000000000214e-4,0.06149506346967559
g45,g35,0.0028400000000000647,0.13931297709923662
g45,g36,0.008735999999999966,0.3160342717258262
g45,g37,0.008195999999999981,0.3147044212617983
g45,g39,0.00691799999999998,0.2857859112559539
g45,g40,0.10905699999999996,0.9352053402989406
g45,g41,1.300000000000745e-4,0.00713038416763678
g45,g42,0.005740999999999996,0.2518095238095238
g45,g43,0.008093999999999935,0.31426089115055234
g45,g44,0.007099999999999884,0.28456712672521955
g45,g45,0,0
