,,,,BC1,BC2,BC3,BC4,,RT1,RT2,RT3,RT4,,BC1,BC2,BC3,BC4,,RT1,RT2,RT3,RT4,,avg BC,,,avg RT,,,BC/RT,,
,,,AMDIS TIC,223211,195956,196822,171038,,205627,235113,231261,247583,,,,,,,,,,,,,,,,,,x fold,p value,
174.1,9.0977,? NF07,Ethylbis,5594523,6688486,5697443,5475736,,6278180,6540484,6446800,5455311,,589.7637277,630.6459776,591.2480608,325.5957574,,244.5468178,192.502323,197.4832385,144.9125263,,534.3133809,140.4271036,,194.8612264,40.72660885,,2.742020004,0.003528536,"174.1(9.0977,? NF07_Ethylbis(trimethylsilyl)amine)"
171.1,9.1397,? NF07,Silanamine,2642366,1666756,1973015,2761921,,1600668,1698168,2153011,2644607,,278.5530817,157.1555905,204.7482165,164.2281074,,62.34900334,49.98120702,65.95265634,70.25019867,,201.171249,55.68637364,,62.13326634,8.721456655,,3.237738186,0.002621064,"171.1(9.1397,? NF07_Silanamine, N,N'-methanetetraylbis[1,1,1-trimethyl-)"
221.1,9.5677,NF07,Boric Acid,8157718,6785094,9073136,4261199,,2486945,2673522,2447128,2088852,,859.9707567,639.7549818,941.5581806,253.3775032,,96.87114511,78.68824318,74.96227005,55.48736277,,673.6653556,307.8246581,,76.50225528,16.96729676,,8.805823477,0.008227557,"221.1(9.5677,NF07_Boric Acid, O,O,O-TMS)"
191.1,9.6979,? NF07,1,435752,356855,481614,224489,,130212,138018,130590,111912,,45.93612787,33.64725146,49.97914741,13.3484642,,5.072000204,4.062204817,4.000331346,2.972782055,,35.72774774,16.45675356,,4.026829606,0.857389717,,8.872426011,0.008485428,"191.1(9.6979,? NF07_1,2-Bis(trimethylsiloxy)ethane)"
160.1,9.7915,Golm,Glyoxylic acid ,228931,310972,548279,674671,,226524,266592,421310,536618,,24.13346052,29.32102137,56.89725997,40.11698432,,8.823532195,7.846449787,12.90588559,14.25448889,,37.61718154,14.47535197,,10.95758912,3.103696407,,3.43297975,0.011344842,"160.1(9.7915,Golm_Glyoxylic acid (1MEOX) (1TMS))"
205.1,10.0357,? NF07,3.6-Dioxa-2,4588,4428,5419,4450,,3178,3194,3939,4431,,0.483658032,0.417508594,0.562352838,0.264603904,,0.123789026,0.094007174,0.120662418,0.117703171,,0.432030842,0.126348545,,0.114040447,0.013584708,,3.788400098,0.0024409,"205.1(10.0357,? NF07_3.6-Dioxa-2,7-disilaoctane, 2,2,4,7,7-pentamethyl-)"
152.1,11.2015,Golm,Pyridine,185310,198787,287776,177287,,162511,196526,194629,230371,,19.53501959,18.74328838,29.86374799,10.54176006,,6.330106481,5.784237302,5.962022279,6.119475792,,19.670954,7.918633574,,6.048960464,0.232129343,,3.251956121,0.013817634,"152.1(11.2015,Golm_Pyridine, 2-hydroxy- (1TMS))"
174.1,11.3521,Golm,Pyruvic acid ,260587,235269,325673,434702,,525882,547179,568541,448642,,27.47057444,22.18311416,33.79648198,25.8480553,,20.4840845,16.1048064,17.4159766,11.91753241,,27.32455647,4.848423311,,16.48059998,3.552727788,,1.657983114,0.011255361,"174.1(11.3521,Golm_Pyruvic acid (1MEOX) (1TMS))"
191.1,11.6139,NF07,Lactic Acid,1265616,482188,220414,195904,,504984,162160,93466,119337,,133.4187758,45.46468703,22.87330476,11.64875576,,19.67006843,4.772762489,2.863120986,3.17001655,,53.35138084,55.19966709,,7.618992115,8.077564759,,7.002419748,0.152216507,"191.1(11.6139,NF07_Lactic Acid, O,O-TMS)"
151.1,11.7211,? Golm,Phenol ,13414,5326,7601,6777,,7514,7352,6991,6059,,1.414077776,0.502179488,0.788788323,0.402970934,,0.292684311,0.216387209,0.214153583,0.16094866,,0.77700413,0.455130426,,0.221043441,0.054200085,,3.515164834,0.051445601,"151.1(11.7211,? Golm_Phenol (1TMS))"
205.1,12.0758,? NF07,Glycolic Acid,15164,11931,10292,10405,,5745,5357,5853,5777,,1.598559371,1.124953713,1.068044918,0.618697442,,0.223778463,0.157669516,0.179293509,0.153457734,,1.102563861,0.40076224,,0.178549805,0.032206537,,6.175105364,0.003705762,"205.1(12.0758,? NF07_Glycolic Acid, O,O-TMS)"
173.1,12.1131,? Golm,Hexanoic acid ,14429,12645,17276,22804,,8818,9110,14451,16567,,1.521077101,1.192275559,1.792804509,1.355961217,,0.343477543,0.268129417,0.442673928,0.440078636,,1.465529597,0.256168819,,0.373589881,0.084107119,,3.92283001,0.000189931,"173.1(12.1131,? Golm_Hexanoic acid (1TMS))"
156.1,12.5797,NF07,L-Valine,24302,23003,27944,44178,,24092,32126,39995,24766,,2.561869548,2.168913776,2.899868557,2.626892416,,0.938428324,0.945546175,1.225156996,0.657873332,,2.564386074,0.30158482,,0.941751207,0.231610976,,2.722997385,0.000141887,"156.1(12.5797,NF07_L-Valine, trimethylsilyl ester)"
190.1,12.8503,NF07,L-Alanine,73463,75807,101111,154722,,122880,158827,220503,299937,,7.744326501,7.147713194,10.4927215,9.20001015,,4.786405132,4.674664207,6.754614157,7.967396985,,8.646192837,1.502795823,,6.04577012,1.598023912,,1.430122658,0.055454801,"190.1(12.8503,NF07_L-Alanine, N,O-TMS)"
174.1,13.0802,NF10,N-Butylamine ,121223,121830,120376,115173,,122887,126543,130091,129840,,12.77909276,11.48714365,12.49193306,6.848365255,,4.786677795,3.724467709,3.985045601,3.449013708,,10.90163368,2.75836374,,3.986301203,0.576726075,,2.734774199,0.002689231,"174.1(13.0802,NF10_N-Butylamine (2 TMS))"
204.1,13.399,NF08,Glycine,5153,3969,6572,11922,,1744,2213,3506,4643,,0.543219232,0.374230265,0.682004586,0.708900615,,0.067932052,0.065133963,0.107398436,0.123334648,,0.577088675,0.153493116,,0.090949774,0.028957498,,6.345135851,0.000794736,"204.1(13.399,NF08_Glycine, N,O-TMS)"
190,13.616,? NF07,Oxalic Acid TMS),685,633,4921,36566,,7270,6148,6788,6687,,0.072211367,0.059684494,0.510673245,2.174271087,,0.283180056,0.180950566,0.207935134,0.177630581,,0.704210048,1.002226101,,0.212424084,0.049084038,,3.315113964,0.364836106,"190(13.616,? NF07_Oxalic Acid TMS)"
188.1,13.751,Golm,NA1),59875,40868,46551,40815,,45273,33746,40153,32117,,6.311905983,3.853374263,4.830796636,2.426923219,,1.76346777,0.993226708,1.229996972,0.853142123,,4.355750025,1.635539633,,1.209958393,0.400443358,,3.599917196,0.009663055,"188.1(13.751,Golm_NA1)"
152.1,14.0657,? Golm,Pyridine,13716,13214,15915,15855,,16293,18951,20780,22978,,1.445914029,1.245925602,1.65156771,0.942762897,,0.634642731,0.557773939,0.636548628,0.610377672,,1.321542559,0.301980584,,0.609835743,0.036695549,,2.167046742,0.00339885,"152.1(14.0657,? Golm_Pyridine, 3-hydroxy- (1TMS))"
188.1,14.4719,NF08,L-Leucine,3338,3738,6241,5101,,10119,14892,15644,10706,,0.351885464,0.352449667,0.647655299,0.303313373,,0.394153919,0.438307714,0.479218804,0.284389562,,0.413825951,0.15757841,,0.3990175,0.083942815,,1.037112285,0.873698468,"188.1(14.4719,NF08_L-Leucine, O-TMS)"
369.1,14.5296,? NF07,Pentasiloxane Dodoecamethyl),15605,17399,28609,19183,,13371,17496,13430,18831,,1.645048733,1.64052214,2.968878455,1.14065094,,0.520825383,0.514949756,0.411397886,0.500218555,,1.848775067,0.783357109,,0.486847895,0.051041364,,3.79743876,0.013307087,"369.1(14.5296,? NF07_Pentasiloxane Dodoecamethyl)"
188.2,15.1115,NF08,L-Isoleucine,211396,156186,180819,146699,,16362,24343,27926,19039,,22.28495494,14.7265125,18.76436203,8.722950123,,0.63733041,0.716473589,0.855450288,0.505743777,,16.1246949,5.821150692,,0.678749516,0.146393075,,23.75647351,0.001820814,"188.2(15.1115,NF08_L-Isoleucine, O-TMS)"
172.1,15.1135,NF08,L-Proline,56638,46845,69978,98907,,25678,33375,34514,30801,,5.970667743,4.416935435,7.261916758,5.881163661,,1.000205981,0.982307277,1.057258872,0.818184467,,5.882670899,1.1631058,,0.964489149,0.10263927,,6.09926084,0.00015258,"172.1(15.1135,NF08_L-Proline, O-TMS)"
176.1,15.4126,? Golm,Alanine,767,435,16085,39073,,2203,2290,14369,53635,,0.080855647,0.041015411,1.669209338,2.323341196,,0.085810958,0.06740026,0.440162042,1.424736986,,1.028605398,1.148952823,,0.504527561,0.637006587,,2.038749668,0.455365178,"176.1(15.4126,? Golm_Alanine, beta- (2TMS))"
233,15.7029,NF07,Malonic Acid,0,4071,3010,350724,,6954,9034,11051,13834,,0,0.383847671,0.312360591,20.85459314,,0.270871267,0.265892553,0.338522565,0.367480404,,5.38770035,10.31260883,,0.310691697,0.05030621,,17.34098594,0.362838987,"233(15.7029,NF07_Malonic Acid, O,O-TMS)"
218.1,16.0488,NF08,L-Valine,398753,463577,773292,1233194,,499622,689714,890029,1301966,,42.03576529,43.70988747,80.24782265,73.32762837,,19.46120854,20.29995749,27.26403942,34.58486276,,59.83027594,19.79533843,,25.40251705,7.050200924,,2.355289274,0.016891015,"218.1(16.0488,NF08_L-Valine, N,O-TMS)"
369.1,16.0976,Golm,NA),9992,13064,7962,7362,,5101,5948,5039,5772,,1.053337196,1.231782357,0.826250839,0.437755941,,0.198693462,0.17506408,0.154358447,0.153324916,,0.887281583,0.34256547,,0.170360226,0.021378784,,5.208267221,0.005829842,"369.1(16.0976,Golm_NA)"
171.1,16.8071,? NF07,Urea,1272702,896831,988558,1069667,,673019,472164,557833,637545,,134.1657682,84.5606708,102.5868974,63.60405926,,26.21534502,13.89693283,17.08796107,16.93547015,,96.2293489,29.88956285,,18.53392727,5.327656754,,5.192064667,0.002182158,"171.1(16.8071,? NF07_Urea, N,N-TMS)"
190.1,16.8111,? NF07,Urea,656992,368885,511460,627915,,139500,105094,155355,214535,,69.25881813,34.78153972,53.07639465,37.33680002,,5.433785123,3.093171565,4.758951499,5.698815125,,48.61338813,15.96489563,,4.746180828,1.170884919,,10.24263295,0.00154235,"190.1(16.8111,? NF07_Urea, N,N-TMS)"
156.1,16.8159,? NF09,Urea,12917,8710,10811,12423,,3999,3044,3872,5059,,1.361685004,0.821251097,1.121903771,0.738690853,,0.155768507,0.08959231,0.118610024,0.134385092,,1.010882681,0.286028251,,0.124588983,0.027860615,,8.113740521,0.000833984,"156.1(16.8159,? NF09_Urea, N,N-TMS)"
194.1,17.1936,NF10,Benzoic Acid,8813,9648,8538,8481,,5722,6554,6972,7043,,0.92904931,0.909693523,0.886024826,0.504293417,,0.22288257,0.192900132,0.213571561,0.187087212,,0.807265269,0.202746073,,0.204110368,0.016905295,,3.955042926,0.001026354,"194.1(17.1936,NF10_Benzoic Acid, O-TMS)"
219.1,17.2432,NF07,L-Serine,67062,47537,78697,102237,,38655,41639,63904,46279,,7.069545537,4.482182939,8.166724729,6.079170627,,1.505684329,1.22553686,1.957555512,1.229335377,,6.449405958,1.564267397,,1.47952802,0.344626514,,4.359096869,0.000807763,"219.1(17.2432,NF07_L-Serine, O,O-TMS)"
174.1,17.5124,Golm,Ethanolamine ,569215,622853,901495,1170459,,2104856,2224305,2414402,2625042,,60.00553761,58.72775081,93.55199702,69.59730794,,81.98806609,65.46669627,73.95978254,69.73048245,,70.47064835,16.13407951,,72.78625684,7.046611005,,0.968186185,0.80131114,"174.1(17.5124,Golm_Ethanolamine (3TMS))"
205.2,17.5551,NF07,Phosphoric Acid,11674703,4035384,2106672,1309135,,2961984,1432889,1109447,1286293,,1230.724471,380.4894991,218.6183758,77.84319804,,115.3748,42.17340201,33.98541703,34.16853196,,476.9188861,517.5268255,,56.42553774,39.48447886,,8.452181497,0.156294529,"205.2(17.5551,NF07_Phosphoric Acid, O,O,O-TMS)"
178,17.5599,NF07,Phosphoric Acid,287,435,16600,55173,,81195,75051,78173,81799,,0.030254981,0.041015411,1.722653094,3.280672173,,3.162696653,2.208933137,2.394654279,2.172873323,,1.268648915,1.559386732,,2.484789348,0.462266482,,0.510565982,0.18542833,"178(17.5599,NF07_Phosphoric Acid, O,O,O-TMS)"
299.2,17.566,NF07,Phosphoric Acid,8613960,10742433,18916095,26950274,,31836592,37431331,42178579,43267456,,908.0669004,1012.88575,1963.004191,1602.505102,,1240.094623,1101.694946,1292.046035,1149.338023,,1371.615486,498.870367,,1195.793407,86.10030815,,1.147033825,0.513283588,"299.2(17.566,NF07_Phosphoric Acid, O,O,O-TMS)"
158.2,17.6067,NF07,L-Leucine,459547,542375,589709,1001517,,1336374,1700333,2207065,2768160,,48.44455046,51.13961697,61.1966285,59.55175453,,52.05425921,50.04492822,67.60847922,73.53220722,,55.08313762,6.24407726,,60.80996847,11.55600339,,0.905824144,0.416737037,"158.2(17.6067,NF07_L-Leucine, N,O-TMS)"
158.2,18.2089,NF07,L-Isoleucine,840108,966178,1289028,2291532,,1537603,2097412,3081798,3952978,,88.56255051,91.09928157,133.7679561,136.2580477,,59.89250399,61.73192721,94.40396003,105.0052011,,112.421959,26.12622351,,80.25839808,22.88012927,,1.400750098,0.113431462,"158.2(18.2089,NF07_L-Isoleucine, N,O-TMS)"
219.1,18.2625,NF08,L-Threonine,135139,108481,192131,291328,,111598,130189,210514,222572,,14.2460904,10.22848912,19.93825672,17.32281484,,4.346950195,3.83177834,6.448623577,5.912306523,,15.43391277,4.177895113,,5.134914659,1.244885737,,3.005680482,0.003241424,"219.1(18.2625,NF08_L-Threonine, O,O-TMS)"
216.1,18.4395,NF07,L-Proline,164008,172603,337516,550245,,65637,89336,111405,186171,,17.2894042,16.27444353,35.02548081,32.71842133,,2.556683542,2.629375368,3.41264196,4.945366074,,25.32693747,9.920439579,,3.386016736,1.109441145,,7.479861868,0.004588282,"216.1(18.4395,NF07_L-Proline, N,O-TMS)"
180.1,18.487,NF09,Nicotinic Acid TMS),94306,83458,72014,76162,,60775,81404,64971,61505,,9.941555001,7.86911298,7.473201197,4.528710675,,2.367299576,2.395917351,1.990240661,1.633792268,,7.453144963,2.229942605,,2.096812464,0.359801919,,3.554511952,0.003182657,"180.1(18.487,NF09_Nicotinic Acid TMS)"
174.1,18.6267,NF07,Glycine,2635062,2237183,4351425,6149082,,1126447,1084533,1543321,1929991,,277.7831082,210.9401829,451.5660083,365.6339552,,43.87721111,31.9204392,47.27617255,51.26744774,,326.4808136,104.7224558,,43.58531765,8.342504095,,7.490614529,0.001686524,"174.1(18.6267,NF07_Glycine, N,N,O-TMS)"
247.1,18.8065,NF09,Succinic acid,66203,93126,165989,212362,,46063,58283,78176,74701,,6.978991429,8.780692269,17.22538942,12.62737397,,1.794239743,1.715410188,2.394746177,1.984325115,,11.40311177,4.540472067,,1.972180306,0.303481548,,5.781982376,0.006045323,"247.1(18.8065,NF09_Succinic acid, 2TMS)"
189.1,19.1171,NF07,Propionic Acid,55548,56451,96278,134015,,51749,60640,79434,76135,,5.855762064,5.32266885,9.991180394,7.968739806,,2.015720045,1.784782421,2.433282182,2.022417272,,7.284587778,2.135757195,,2.06405048,0.269809719,,3.529268227,0.002851217,"189.1(19.1171,NF07_Propionic Acid, 2,3 Hydorxy, O,O,O-TMS)"
184.1,19.3714,Golm,NA),16010,28684,23024,13487,,21676,36958,28239,37338,,1.687743045,2.704565611,2.389299086,0.801957943,,0.844320619,1.087763666,0.86503834,0.991830513,,1.895891421,0.844081605,,0.947238285,0.114141325,,2.00149366,0.067497477,"184.1(19.3714,Golm_NA)"
241.1,19.4698,Golm,Uracil ,15203,19026,26914,34255,,15745,21293,27273,30507,,1.602670675,1.793929205,2.792981046,2.036855442,,0.613297109,0.626704685,0.8354471,0.810374778,,2.056609092,0.522077475,,0.721455918,0.117723797,,2.850637219,0.002478146,"241.1(19.4698,Golm_Uracil (2TMS))"
245.1,19.7831,NF07,Fumaric Acid,17561,19797,33177,48926,,26040,29319,22089,26956,,1.851246446,1.866625484,3.442919379,2.909215862,,1.014306556,0.86292935,0.676646903,0.716047547,,2.517501793,0.791069693,,0.817482589,0.153762631,,3.079578484,0.005567015,"245.1(19.7831,NF07_Fumaric Acid, O,O-TMS)"
204.1,19.9493,NF08,L-Serine,2743748,3051070,4801581,6995934,,2126819,2604259,3175181,4156094,,289.2405748,287.6802049,498.2806243,415.9890889,,82.84356589,76.64966494,97.2645385,110.4006868,,372.7976232,103.0181885,,91.78961404,15.11728221,,4.061435786,0.001667511,"204.1(19.9493,NF08_L-Serine, N,O,O-TMS)"
248.1,19.9981,? Golm,Homoserine ,16905,7774,15078,26890,,3627,3455,5007,4590,,1.782092203,0.732997248,1.564708635,1.598921116,,0.141278413,0.101689038,0.153378199,0.121926778,,1.419679801,0.467631083,,0.129568107,0.022654537,,10.95701582,0.001499168,"248.1(19.9981,? Golm_Homoserine (2TMS))"
188.2,20.0924,NF08,L-Alanine,392125,331323,473020,879657,,365847,394109,489173,505819,,41.33705443,31.23988258,49.08731122,52.30576989,,14.25042284,11.59958468,14.98471618,13.43635755,,43.49250453,9.376357112,,13.56777031,1.456568347,,3.205574942,0.000740947,"188.2(20.0924,NF08_L-Alanine, N,N,O-TMS)"
215.1,20.1453,NF07,Nonanoic Acid TMS),16176,13003,21821,20846,,28140,21257,23461,31716,,1.705242442,1.226030771,2.264458624,1.2395355,,1.096105472,0.625645117,0.718675042,0.842490132,,1.608816834,0.49059757,,0.820728941,0.203943195,,1.960229199,0.025066206,"215.1(20.1453,NF07_Nonanoic Acid TMS)"
255.1,20.1765,? Golm,NA),1055,1554,2656,3168,,3476,3178,4659,4485,,0.111216047,0.146524019,0.275624495,0.188374195,,0.135396682,0.093536255,0.142718001,0.119137604,,0.180434689,0.070864398,,0.122697135,0.021795571,,1.470569694,0.170356204,"255.1(20.1765,? Golm_NA)"
218.1,20.6207,NF08,L-Threonine,757294,901150,1594698,2381655,,543674,684167,858063,1065750,,79.83245979,84.96790197,165.4886411,141.6169011,,21.17711608,20.13669582,26.2848328,28.31012291,,117.976476,42.27216369,,23.9771919,3.945010877,,4.920362504,0.004432166,"218.1(20.6207,NF08_L-Threonine, N,O,O-TMS)"
160.1,21.0853,? Golm,Alanine [+CO2] ,37032,22719,33082,44490,,27461,26067,35131,30508,,3.903841376,2.142135898,3.433060822,2.64544442,,1.069657156,0.767215095,1.076159281,0.810401342,,3.031120629,0.787874231,,0.930858218,0.164991389,,3.256264562,0.001979496,"160.1(21.0853,? Golm_Alanine [+CO2] (2TMS))"
255.1,21.1212,NF09,Thymine,2715,3316,4668,7728,,13605,14995,20513,18203,,0.286210017,0.312660004,0.484418352,0.459518869,,0.529940119,0.441339255,0.628369683,0.483536634,,0.38570181,0.100710205,,0.520796423,0.080327137,,0.740599961,0.080768488,"255.1(21.1212,NF09_Thymine, 2TMS)"
178.1,21.5818,? NF08,L-Methionine,150,362,506,673,,2033,1612,2473,2643,,0.015812708,0.034132365,0.052509787,0.040017624,,0.079189141,0.047445074,0.075754801,0.070207511,,0.035618121,0.01526593,,0.068149132,0.014290124,,0.522649668,0.020810975,"178.1(21.5818,? NF08_L-Methionine, O-TMS)"
160.1,21.7567,NF08,L-Aspartic Acid,29025,25544,28765,36980,,92764,97850,84167,69758,,3.059759017,2.408500347,2.985067243,2.198888169,,3.613330775,2.879963058,2.578267006,1.853021397,,2.663053694,0.424780288,,2.731145559,0.729125343,,0.975068387,0.877086439,"160.1(21.7567,NF08_L-Aspartic Acid, O,O-TMS)"
290.1,21.8537,Golm,Alanine,71704,88627,156839,190699,,52396,63139,79514,78507,,7.558896144,8.356489205,16.27585473,11.33925838,,2.040921902,1.858334058,2.435732802,2.085426056,,10.88262462,3.94647423,,2.105103704,0.241327835,,5.169638243,0.004375882,"290.1(21.8537,Golm_Alanine, beta- (3TMS))"
174.1,21.8571,Golm,Alanine,318542,336714,520246,641732,,177716,217643,266894,262399,,33.58007776,31.7481908,53.9881555,38.15838028,,6.922369584,6.405761879,8.175698248,6.970253758,,39.36870108,10.11226418,,7.118520867,0.74969057,,5.530460867,0.000708361,"174.1(21.8571,Golm_Alanine, beta- (3TMS))"
218.2,22.317,Golm,Homoserine ,3141050,3257986,5550456,9454321,,1203666,1852465,2313418,2468429,,331.1233785,307.1899629,575.9945903,562.1685937,,46.88503515,54.52254233,70.86636451,65.57028233,,444.1191314,144.7347569,,59.46105608,10.80044638,,7.469075739,0.001828746,"218.2(22.317,Golm_Homoserine (3TMS))"
233.1,23.2597,Golm,Malic acid ,554833,814141,1349791,1941525,,1044676,1177851,1339111,1430475,,58.48941516,76.76397123,140.0735929,115.4460885,,40.69207819,34.66701449,41.02065785,37.99852036,,97.69326694,36.9063324,,38.59456772,2.947677633,,2.531269883,0.018777769,"233.1(23.2597,Golm_Malic acid (3TMS))"
179.1,23.3974,? NF07,Niacin,129335,31955,18499,19536,,32772,27345,32114,36839,,13.63424401,3.012982641,1.919720456,1.161640867,,1.276530509,0.804829738,0.983740262,0.978575293,,4.932146995,5.850957598,,1.01091895,0.195624689,,4.878874803,0.228875497,"179.1(23.3974,? NF07_Niacin, O-TMS)"
217.1,23.649,? Golm,Threitol ,9947,9882,13113,18718,,11549,13543,13746,14016,,1.048593383,0.931756985,1.36079217,1.113001318,,0.449855085,0.398603369,0.421077837,0.372314973,,1.113535964,0.181104991,,0.410462816,0.032966316,,2.712879024,0.000262696,"217.1(23.649,? Golm_Threitol (4TMS))"
243.1,23.8219,Golm,Asparagine [-H2O] ,1585289,1896780,3148242,5290636,,1188714,1647291,2315590,2721219,,167.1180814,178.8441626,326.7065554,314.5894242,,46.30262687,48.48377339,70.93289885,72.28528676,,246.8145559,85.53296984,,59.50114647,14.02025481,,4.14806387,0.004970609,"243.1(23.8219,Golm_Asparagine [-H2O] (2TMS))"
232.1,24.083,NF08,L-Aspartic acid,582496,704899,1043103,1440495,,1916909,2517084,2810326,2835557,,61.40559478,66.46372871,108.2472657,85.65406743,,74.66717997,74.08389305,86.08802503,75.32251203,,80.44266414,21.27655388,,77.54040252,5.720831945,,1.037429024,0.80101347,"232.1(24.083,NF08_L-Aspartic acid, N,O,O-TMS)"
170.1,24.098,? Golm,Adipo-2,9620,16000,19734,34153,,51180,45476,79443,98514,,1.014121679,1.508612807,2.047881696,2.030790364,,1.993556434,1.338469086,2.433557877,2.616883367,,1.650351637,0.492491024,,2.095616691,0.56851033,,0.787525526,0.281203955,"170.1(24.098,? Golm_Adipo-2,6-lactam (2TMS))"
176.1,24.1855,NF07,L-Methionine,118857,105162,149334,276673,,384686,468893,686790,726251,,12.52967364,9.915546254,15.49702874,16.4514058,,14.98423702,13.80065936,21.03826912,19.29181804,,13.59841361,2.969288406,,17.27874588,3.442302103,,0.78700235,0.156541859,"176.1(24.1855,NF07_L-Methionine, N,O-TMS)"
293.1,24.1882,NF07,L-Methionine,10369,9146,13566,26128,,37147,44697,64121,68088,,1.093079802,0.862360796,1.40780192,1.553611414,,1.446944917,1.315541224,1.96420282,1.808660238,,1.229213483,0.311041862,,1.6338373,0.303285119,,0.752347546,0.111791688,"293.1(24.1882,NF07_L-Methionine, N,O-TMS)"
156.1,24.2838,NF08,Pyroglutamic acid ,3081764,2420507,3814810,5176539,,6245142,6320191,8587357,9981582,,324.8735638,228.2254913,395.8791715,307.8050396,,243.2599261,186.0185652,263.0543945,265.1464352,,314.1958166,68.84263123,,239.3698302,36.90926839,,1.312595728,0.103862676,"156.1(24.2838,NF08_Pyroglutamic acid (2TMS))"
174.1,24.4411,? Golm,Butanoic acid,844292,1150552,1791327,2443113,,636896,776025,976795,1138188,,89.00361965,108.4835927,185.8936746,145.2712891,,24.80828681,22.84029977,29.92192095,30.23433467,,132.163044,42.74832971,,26.95121055,3.701159004,,4.903788784,0.002699871,"174.1(24.4411,? Golm_Butanoic acid, 4-amino- (3TMS))"
292.1,24.9247,Golm,Threonic acid ,23581,13034,20983,39703,,86802,82647,91641,100426,,2.485863131,1.228953708,2.177495775,2.360801974,,3.381099758,2.432501859,2.80721621,2.66767291,,2.063278647,0.570450533,,2.822122684,0.403458669,,0.731108771,0.072847089,"292.1(24.9247,Golm_Threonic acid (4TMS))"
220.1,25.0122,? Golm,Cysteine ,12689,9491,9513,22112,,38785,38655,42226,45132,,1.337649687,0.89489026,0.987204752,1.314813824,,1.510748072,1.137710496,1.293498671,1.198866964,,1.133639631,0.225749586,,1.285206051,0.163449633,,0.882068389,0.318506079,"220.1(25.0122,? Golm_Cysteine (3TMS))"
232.1,25.0753,NF08,L-Phenylalanine,832,1710,2488,3047,,1917,1926,3389,4214,,0.087707821,0.161232994,0.258190415,0.181179347,,0.074670725,0.056686856,0.103814403,0.111938877,,0.172077644,0.0700812,,0.086777715,0.025660422,,1.982970443,0.062293228,"232.1(25.0753,NF08_L-Phenylalanine, O-TMS)"
218.1,25.1533,? Golm,NA),111404,139175,215619,275972,,142859,180467,275713,336647,,11.74399289,13.12257422,22.37570707,16.40972325,,5.564624437,5.311581944,8.445848505,8.942545577,,15.91299936,4.732174025,,7.066150116,1.893631116,,2.252004146,0.013281068,"218.1(25.1533,? Golm_NA)"
290.1,25.3873,NF08,L-Serine,32701,27118,47867,80058,,16824,16347,22183,20636,,3.447275784,2.556910132,4.967363592,4.760372879,,0.655326171,0.481131897,0.679526382,0.548165795,,3.932980597,1.13783497,,0.591037561,0.09288082,,6.65436658,0.001096465,"290.1(25.3873,NF08_L-Serine, N,N,O,O-TMS)"
218.1,25.7047,? Golm,NA),136071,158861,258416,334877,,146294,182715,285690,355952,,14.34434003,14.9787337,26.81693505,19.91230594,,5.698424092,5.377746042,8.751471492,9.455355263,,19.01307868,5.76720163,,7.320749222,2.082523257,,2.597149295,0.008824915,"218.1(25.7047,? Golm_NA)"
186.1,25.7291,Golm,Proline [+CO2] ,1155344,734722,1491494,1752515,,376033,293292,381999,436361,,121.7941162,69.2756887,154.7787201,104.2072607,,14.64718653,8.632295608,11.7016814,11.59130523,,112.5139464,35.64164512,,11.64311719,2.455985441,,9.663558698,0.001322726,"186.1(25.7291,Golm_Proline [+CO2] (2TMS))"
160.1,26.073,NF07,L-Asparagine,28060,22460,35830,59781,,25516,31751,40262,44581,,2.958030595,2.117715228,3.718232551,3.554671002,,0.993895779,0.934509014,1.233335942,1.184230438,,3.087162344,0.724181531,,1.086492793,0.144670699,,2.841401584,0.001635463,"160.1(26.073,NF07_L-Asparagine, N, O-TMS)"
159.1,26.077,NF07,L-Asparagine,212519,168334,249332,440342,,191890,235917,291999,318892,,22.40333942,15.87192677,25.87424946,26.18341845,,7.474473314,6.943610064,8.944733537,8.470909422,,22.58323353,4.791176531,,7.958431584,0.912780258,,2.837648761,0.000967046,"159.1(26.077,NF07_L-Asparagine, N, O-TMS)"
273.1,26.0804,NF07,L-Asparagine,7116,12516,21613,41579,,5753,6983,8618,9037,,0.750154872,1.180112369,2.242873573,2.472351844,,0.224090078,0.205526643,0.263993074,0.240054967,,1.661373164,0.828202848,,0.23341619,0.024791278,,7.117643219,0.013686778,"273.1(26.0804,NF07_L-Asparagine, N, O-TMS)"
348.2,26.3904,? Golm,Ornithine ,10990,12876,16868,23135,,51564,62129,63439,68443,,1.158544413,1.214056157,1.750464601,1.375642991,,2.00851395,1.828607306,1.943311281,1.818090305,,1.374677041,0.266914221,,1.899630711,0.092117161,,0.723654884,0.00987229,"348.2(26.3904,? Golm_Ornithine (3TMS) (Derivate not found))"
246.1,26.4894,NF08,L-Glutamic acid ,157883,184692,234871,330923,,746467,913214,905262,961832,,16.64371862,17.41429479,24.37356956,19.67719496,,29.07628157,26.8781051,27.73066816,25.54969002,,19.52719448,3.477960596,,27.30868621,1.481207819,,0.715054336,0.006237648,"246.1(26.4894,NF08_L-Glutamic acid (3TMS))"
218.1,26.8129,NF07,L-Phenylalanine,291080,448648,396610,971641,,1528408,2224583,2157274,2538087,,30.68508716,42.30225743,41.15791828,57.77528123,,59.53434159,65.47487849,66.08324377,67.42064737,,42.98013602,11.16310209,,64.6282778,3.491855886,,0.665036072,0.010068706,"218.1(26.8129,NF07_L-Phenylalanine, N,O-TMS)"
217.1,27.0089,NF08,Xylose,10160,14193,12784,27603,,104075,145536,141220,156772,,1.071047429,1.338233849,1.326650431,1.641317202,,4.053915317,4.283477809,4.325957521,4.164423729,,1.344312227,0.233262721,,4.206943594,0.122810686,,0.319546055,6.22243E-07,"217.1(27.0089,NF08_Xylose, O,O,O,O-TMS, MEOX1)"
217.1,27.1635,NF08,Xylose,17428,24631,26742,67582,,104127,144887,140327,155359,,1.837225845,2.322415129,2.775131869,4.018530564,,4.055940814,4.264376164,4.298602471,4.126889407,,2.738325852,0.935457417,,4.186452214,0.114354384,,0.654092227,0.021852216,"217.1(27.1635,NF08_Xylose, O,O,O,O-TMS, MEOX2)"
307.2,27.1669,? NF08,Xylose,9586,16020,16274,48962,,82188,117368,113428,129185,,1.010537466,1.510498573,1.688822677,2.911356478,,3.201375854,3.454425184,3.474612021,3.431614571,,1.780303799,0.80684241,,3.390506908,0.127304898,,0.525084846,0.007601944,"307.2(27.1669,? NF08_Xylose, O,O,O,O-TMS, MEOX1)"
308.2,27.3277,NF08,Ribose,5500,11113,8847,24709,,43878,55311,69980,68654,,0.579799297,1.047825883,0.918091079,1.469235473,,1.709129918,1.627937013,2.143680125,1.823695218,,1.003737933,0.367736798,,1.826110569,0.226431364,,0.549658904,0.008878808,"308.2(27.3277,NF08_D-(-)-Ribose, O,O,O,O-TMS, MEOX)"
278.1,27.6641,? Golm,Arabinose ,42717,27625,26503,65673,,71485,85951,88768,112765,,4.503143013,2.6047143,2.750329815,3.905018463,,2.784474047,2.5297466,2.719208308,2.995440779,,3.440801398,0.916489649,,2.757217433,0.192077206,,1.247925302,0.194577852,"278.1(27.6641,? Golm_Arabinose (1MEOX) (4TMS) BP)"
217.1,27.6668,? Golm,Arabinose ,280494,360562,432758,686436,,1516697,1847724,1984055,2464582,,29.56913164,33.99677819,44.90915105,40.81654947,,59.07817631,54.38300319,60.77706875,65.46809228,,37.32290259,6.854215289,,59.92658513,4.578308356,,0.622810436,0.001536835,"217.1(27.6668,? Golm_Arabinose (1MEOX) (4TMS) BP)"
189.1,27.6715,? Golm,Arabinose ,313256,378424,572221,958309,,721190,942204,1126487,1396729,,33.02283792,35.68095582,59.38182384,56.98253982,,28.09169529,27.73135118,34.50739916,37.10210619,,46.26703935,13.83586594,,31.85813796,4.680963119,,1.452283226,0.095953416,"189.1(27.6715,? Golm_Arabinose (1MEOX) (4TMS) BP)"
219.1,27.6736,? Golm,Arabinose ,137912,164730,263398,431983,,261018,348382,436103,528497,,14.53841466,15.53211174,27.33393853,25.68637934,,10.16713782,10.25372805,13.35903592,14.03876615,,20.77271107,6.671435994,,11.95466699,2.03340234,,1.737623565,0.044759666,"219.1(27.6736,? Golm_Arabinose (1MEOX) (4TMS) BP)"
218.1,27.6783,NF07,L-Asparagine,648383,788132,1237550,2052780,,971770,1322529,1719835,2112046,,68.35127411,74.31162682,128.4258636,122.0614834,,37.85225354,38.92523928,52.68328249,56.10347817,,98.28756199,31.32913108,,46.39106337,9.355440936,,2.118674478,0.019209758,"218.1(27.6783,NF07_L-Asparagine, N,N,O-TMS)"
231.2,27.6817,NF07,L-Asparagine,2686297,3138291,5107660,8627178,,3003443,4330320,5969987,7380818,,283.1842022,295.9041248,530.043753,512.9853878,,116.9897053,127.4518307,182.8771432,196.060863,,405.5293669,134.2096144,,155.8448856,39.42908569,,2.602134587,0.011785045,"231.2(27.6817,NF07_L-Asparagine, N,N,O-TMS)"
174.1,28.4915,? Golm,Butanoic acid,24878,30179,54093,92305,,46873,59858,69217,77395,,2.622590347,2.84552662,5.613462276,5.488598498,,1.825790753,1.761766262,2.120307334,2.055887368,,4.142544435,1.629721498,,1.940937929,0.173923465,,2.134300316,0.036218026,"174.1(28.4915,? Golm_Butanoic acid, 2,4-diamino- (4TMS))"
294.2,28.7519,NF07,Ribitol TMS),7101,9196,8768,16454,,21346,23472,23552,24955,,0.748573601,0.867075211,0.909892911,0.978380366,,0.831466503,0.690837945,0.721462622,0.662893847,,0.875980522,0.096518748,,0.726665229,0.073848398,,1.205480167,0.04930209,"294.2(28.7519,NF07_Ribitol TMS)"
217.2,28.7581,NF07,Ribitol TMS,4249809,5412322,4895946,9832663,,12485088,14450979,14115997,15205222,,,,,,,,,,,,,,,,,,,,"217.2(28.7581,NF07_Ribitol TMS)"
358.1,29.5638,NF09,alpha-glycerophosphate ester,1565,1655,4359,14321,,13840,14417,21848,21395,,0.164979255,0.156047137,0.452352098,0.851548877,,0.539093807,0.424327311,0.66926441,0.568327544,,0.406231842,0.327225476,,0.550253268,0.100783946,,0.738263388,0.432445142,"358.1(29.5638,NF09_alpha-glycerophosphate ester, 4TMS)"
299.1,29.5678,NF09,alpha-glycerophosphate ester,8734,10341,23555,57516,,57026,61903,87783,83409,,0.920721284,0.975035315,2.44440323,3.419990588,,2.221269035,1.821955577,2.689035045,2.215640668,,1.940037604,1.213106302,,2.236975081,0.354636545,,0.867259372,0.655031048,"299.1(29.5678,NF09_alpha-glycerophosphate ester, 4TMS)"
246.1,29.9694,NF07,L-Glutamine,509807,497663,502199,20470,,8851,11208,15095,16655,,53.74286186,46.92379848,52.11534102,1.217177956,,0.344762954,0.329878651,0.462401422,0.44241623,,38.49979483,25.02459822,,0.394864814,0.067220355,,97.50120408,0.022645636,"246.1(29.9694,NF07_L-Glutamine, N,N,O-TMS)"
156.1,29.9741,NF07,L-Glutamine,27391,28975,58444,140051,,52954,82510,115497,144121,,2.887505917,2.732003506,6.064984181,8.32764973,,2.062657042,2.428469616,3.537991189,3.828368027,,5.003035833,2.696531507,,2.964371469,0.851627724,,1.6877223,0.199429527,"156.1(29.9741,NF07_L-Glutamine, N,N,O-TMS)"
299.1,30.145,Golm,Ethanolaminephosphate ,16050,14381,32968,64943,,42761,48690,61679,69016,,1.691959767,1.355960049,3.421230553,3.86161153,,1.665620686,1.433064909,1.889397634,1.83331123,,2.582690475,1.243256109,,1.705348615,0.20491071,,1.514464815,0.213164761,"299.1(30.145,Golm_Ethanolaminephosphate (4TMS))"
204.1,30.5913,? Golm,Shikimic acid ,167730,153367,110862,157437,,76698,102756,113517,120861,,17.6817702,14.46071378,11.50462453,9.361448262,,2.987530117,3.024358549,3.477338337,3.210499428,,13.25213919,3.618174806,,3.174931608,0.223983976,,4.173992019,0.001433196,"204.1(30.5913,? Golm_Shikimic acid (4TMS))"
217.1,30.634,? Golm,NA),322993,296547,303307,34150,,27252,30571,36146,79868,,34.04929352,27.96091264,31.47546638,2.030611979,,1.061516216,0.89977875,1.107251526,2.121579073,,23.87907113,14.77785778,,1.297531391,0.556528327,,18.40346314,0.022397629,"217.1(30.634,? Golm_NA)"
218.1,30.8321,NF07,Citric Acid TMS),37521,29466,44227,62424,,33492,36336,46184,51795,,3.955390804,2.778299062,4.589625203,3.711827882,,1.304575852,1.069456696,1.414743111,1.37586002,,3.758785738,0.751111827,,1.29115892,0.154681629,,2.911172033,0.000665719,"218.1(30.8321,NF07_Citric Acid TMS)"
273.1,30.8361,NF07,Citric Acid TMS),284103,476309,818972,1331457,,211362,298161,483836,470073,,29.9495854,44.91036611,84.98823189,79.17049879,,8.232944023,8.775602099,14.82122917,12.48681624,,59.75467054,26.59826736,,11.07914788,3.130064011,,5.393435594,0.010900205,"273.1(30.8361,NF07_Citric Acid TMS)"
174.1,30.8924,NF09,Ornithine ,76073,33134,36426,59029,,74713,54822,60335,75948,,8.019467622,3.124148548,3.780082023,3.509955915,,2.910210666,1.613544556,1.848227213,2.017449885,,4.608413527,2.289910826,,2.09735808,0.566644027,,2.197246894,0.07732302,"174.1(30.8924,NF09_Ornithine (4TMS))"
420.3,30.8958,? NF09,Ornithine ,11720,4547,4972,8918,,10623,7443,8215,10925,,1.235499593,0.428728902,0.515965734,0.530278115,,0.413785659,0.21906556,0.251648074,0.290206984,,0.677618086,0.374618985,,0.293676569,0.085188866,,2.307361762,0.092587411,"420.3(30.8958,? NF09_Ornithine (4TMS))"
157.1,31.0531,NF08,L-Arginine ,11532,11510,14236,34601,,30284,40169,51816,69466,,1.215680999,1.085258338,1.477330689,2.057429139,,1.17961827,1.182271191,1.587266782,1.845264835,,1.458924791,0.431022193,,1.44860527,0.326523952,,1.007123764,0.970791787,"157.1(31.0531,NF08_L-Arginine (5TMS))"
318.1,31.0647,Golm,Pinitol,12705,39470,63102,97411,,33574,44316,39234,37587,,1.339336376,3.721559219,6.54836479,5.79220918,,1.307769905,1.304327469,1.201845471,0.998444842,,4.350367391,2.336079893,,1.203096922,0.145015053,,3.615974169,0.036085704,"318.1(31.0647,Golm_Pinitol, D- (5TMS))"
260.1,31.0681,Golm,Pinitol,31604,72246,87309,140750,,46735,63477,58453,54832,,3.331632179,6.811952556,9.060428852,8.369213354,,1.820415396,1.868282218,1.79057637,1.456533577,,6.893306735,2.553876972,,1.73395189,0.187694634,,3.97548904,0.00688386,"260.1(31.0681,Golm_Pinitol, D- (5TMS))"
221.1,31.3034,? Golm,Siloxane),19472,16214,22036,19107,,13664,15327,17585,38797,,2.052700348,1.528790504,2.286770094,1.136131862,,0.532238279,0.451110821,0.538676979,1.030586759,,1.751098202,0.518173891,,0.63815321,0.264639654,,2.744009081,0.008703659,"221.1(31.3034,? Golm_Siloxane)"
307.1,31.4011,? NF08,Tagatose,222,1075,956,7864,,12180,17153,16879,14490,,0.023402808,0.101359923,0.099208214,0.46760564,,0.474433712,0.504854434,0.517050255,0.384906105,,0.172894146,0.199790963,,0.470311126,0.059690311,,0.367616534,0.029078992,"307.1(31.4011,? NF08_Tagatose, O,O,O,O,O-TMS, MEOX1)"
174.1,31.7517,NF08,L-Lysine,16402,14834,19795,50370,,102913,129385,131534,158318,,1.729066922,1.398672649,2.054211927,2.995078342,,4.00865325,3.808114668,4.029248665,4.205491006,,2.04425746,0.688061108,,4.012876897,0.162597293,,0.509424414,0.001421112,"174.1(31.7517,NF08_L-Lysine, N,N,O-TMS)"
260.1,31.7667,? Golm,NA),6142,22035,13254,74571,,164275,208473,209001,249109,,0.647477688,2.077642701,1.375424343,4.434107347,,6.398817571,6.135866517,6.40227622,6.617223935,,2.13366302,1.641021542,,6.388546061,0.197006382,,0.333982568,0.002117979,"260.1(31.7667,? Golm_NA)"
217.2,31.8745,NF08,Fructose,254451,696765,408520,2726503,,7133785,9059679,9008007,10990453,,26.82372926,65.69678767,42.39386999,162.1220982,,277.874228,266.6483479,275.9400625,291.9456489,,74.25912127,60.71443244,,278.1020718,10.44922031,,0.267021101,0.00057347,"217.2(31.8745,NF08_D-(-)-Fructose, O,O,O,O,O-TMS, MEOX1)"
571.2,31.8799,NF08,Fructose,0,348,591,2269,,5508,5881,8393,9671,,0,0.032812329,0.061330601,0.13491826,,0.214546871,0.173092108,0.257100704,0.256896269,,0.057265297,0.057514553,,0.225408988,0.040211339,,0.254050639,0.003025542,"571.2(31.8799,NF08_D-(-)-Fructose, O,O,O,O,O-TMS, MEOX1)"
303.1,31.9545,? NF07,Ascorbic Acid TMS MEOX1 TMS),22089,25286,35239,303697,,208111,265414,269173,298552,,2.328579395,2.384173966,3.65690195,18.05829476,,8.106311511,7.811778387,8.245510294,7.930606443,,6.606987518,7.65881568,,8.023551659,0.19113831,,0.82344924,0.724231448,"303.1(31.9545,? NF07_Ascorbic Acid TMS MEOX1 TMS)"
188.1,32.0088,NF07,L-Asparagine,414686,404227,748137,1499782,,473308,603528,742913,846427,,43.71539114,38.11387683,77.63738057,89.17936442,,18.43622917,17.76329427,22.75747118,22.48412142,,62.16150324,25.08661655,,20.36027901,2.627009352,,3.053077181,0.016115661,"188.1(32.0088,NF07_L-Asparagine, N,N,N,O-TMS)"
217.2,32.0651,NF08,Fructose,389889,824885,564238,2648296,,7404477,9184002,9161319,11272456,,41.10133966,77.77700473,58.55339375,157.4717886,,288.4181861,270.3074756,280.6364313,299.4366548,,83.72588169,51.39505054,,284.699687,12.31058153,,0.29408491,0.000269061,"217.2(32.0651,NF08_D-(-)-Fructose, O,O,O,O,O-TMS, MEOX2)"
317.2,32.0698,NF08,Fructose,11568,13365,21628,48052,,26088,33009,37593,45734,,1.219476049,1.260163136,2.244430187,2.857246466,,1.016176246,0.971535009,1.151577121,1.214858233,,1.895328959,0.797364354,,1.088536652,0.113807814,,1.741171467,0.091998943,"317.2(32.0698,NF08_D-(-)-Fructose, O,O,O,O,O-TMS, MEOX2)"
264.1,32.1363,NF09,Adenine,27411,25243,45931,60088,,158560,194734,201934,270058,,2.889614278,2.380119569,4.766456581,3.572925698,,6.176207664,5.731494391,6.185794547,7.173704127,,3.402279031,1.032430109,,6.316800183,0.609315455,,0.538607987,0.002816263,"264.1(32.1363,NF09_Adenine, N,N-TMS)"
319.2,32.2821,NF07,Galactose,216887,335761,245659,1555911,,5524201,7681640,6844822,8735020,,22.86380548,31.65833405,25.49308652,92.51688184,,215.1779298,226.0893145,209.6757485,232.0333004,,43.13302697,33.12824846,,220.7440733,10.15723088,,0.195398347,5.02591E-05,"319.2(32.2821,NF07_D-(+)-Galactose, O,O,O,O,O-TMS, o-methyloxime 1)"
331.2,32.295,Golm,Allantoin ,47162,70372,104319,166990,,39075,49970,53312,84897,,4.971726263,6.63525628,10.8256294,9.929484462,,1.522044112,1.470738416,1.633093382,2.255167258,,8.090524102,2.751198563,,1.720260792,0.36298501,,4.703079986,0.003726672,"331.2(32.295,Golm_Allantoin (4TMS))"
246.1,32.4008,? NF07,Glucose,12169,11937,14658,33974,,90180,118693,104223,134859,,1.282832299,1.125519443,1.521123436,2.020146746,,3.512679157,3.49342315,3.192637521,3.582336257,,1.487405481,0.390624222,,3.445269021,0.172697277,,0.431724046,9.48236E-05,"246.1(32.4008,? NF07_D-(+)-Glucose, O,O,O,O,O-TMS, o-methyloxime 1)"
319.2,32.4089,NF08,Glucose,216887,335761,245659,1555911,,5524201,7681640,6844822,8735020,,22.86380548,31.65833405,25.49308652,92.51688184,,215.1779298,226.0893145,209.6757485,232.0333004,,43.13302697,33.12824846,,220.7440733,10.15723088,,0.195398347,5.02591E-05,"319.2(32.4089,NF08_D-(+)-Glucose, O,O,O,O,O-TMS, o-methyloxime 1)"
245.1,32.8186,NF08,Glucose,28276,44424,36348,82808,,203193,207874,224802,235546,,2.980800895,4.18866346,3.771987629,4.923892145,,7.91474624,6.118236492,6.886304366,6.256942258,,3.966336032,0.811458359,,6.794057339,0.818470027,,0.583794901,0.002692032,"245.1(32.8186,NF08_D-(+)-Glucose, O,O,O,O,O-TMS, MEOX2)"
319.2,32.8254,NF07,Glucose,37965,60123,45160,264551,,892113,1304108,1166576,1439655,,4.00219642,5.668895489,4.686446609,15.73061287,,34.74946486,38.38306453,35.73543564,38.24237392,,7.522037848,5.514970593,,36.77758473,1.81865497,,0.204527782,5.54782E-05,"319.2(32.8254,NF07_D-(+)-Glucose, O,O,O,O,O-TMS, MEOX 2)"
231.1,32.8287,NF08,Glucose,35317,59239,47407,114431,,296652,305968,325654,342108,,3.723049413,5.585544631,4.919627422,6.804244784,,11.55514856,9.005381063,9.975678873,9.087609223,,5.258116563,1.286950876,,9.90595443,1.183979736,,0.530803629,0.001802604,"231.1(32.8287,NF08_D-(+)-Glucose, O,O,O,O,O-TMS, MEOX2)"
174.1,33.06,NF07,L-Lysine,221111,183993,256277,431779,,434845,624044,778240,864659,,23.30909134,17.34838727,26.59496186,25.67424919,,16.9380236,18.36712996,23.83963448,22.9684284,,23.23167241,4.159204049,,20.52830411,3.390177145,,1.131689802,0.352529521,"174.1(33.06,NF07_L-Lysine, N,N,N,O-TMS)"
333.2,33.3591,? NF10,Galacturonic Acid,8517,17484,18598,44290,,78179,74462,97617,106917,,0.897845566,1.648536645,1.92999411,2.63355211,,3.045217829,2.191597437,2.990277548,2.840097032,,1.777482108,0.717984015,,2.766797461,0.393145073,,0.642433041,0.052063482,"333.2(33.3591,? NF10_Galacturonic Acid, MEOX (5-TMS) major)"
219.1,33.4378,NF07,L-Tyrosine,96705,129766,185862,318936,,220230,255339,348270,338484,,10.19445291,12.2354156,19.28769574,18.96442935,,8.578369159,7.515246677,10.66846924,8.991342852,,15.1704984,4.644744905,,8.938356981,1.310334575,,1.697235681,0.041617237,"219.1(33.4378,NF07_L-Tyrosine, N,O-bis(trimethylsilyl)-, trimethylsilyl ester)"
232.1,33.5789,Golm,Asparagine [+CO2] ,415512,424167,590507,970472,,281086,270035,406527,486879,,43.80246645,39.99398554,61.27944038,57.70577067,,10.94882384,7.947785635,12.45304159,12.93324357,,50.69541576,10.3794671,,11.07072366,2.247026534,,4.579232337,0.000298708,"232.1(33.5789,Golm_Asparagine [+CO2] (4TMS))"
188.1,33.5816,? Golm,Asparagine [+CO2] ,81086,85403,119688,195534,,118342,116931,136721,158429,,8.547928327,8.052503725,12.42053635,11.62675498,,4.60964157,3.441563213,4.18814076,4.208439562,,10.16193085,2.183399147,,4.111946276,0.487247579,,2.471318973,0.001650185,"188.1(33.5816,? Golm_Asparagine [+CO2] (4TMS))"
333.1,33.7674,? NF10,Galacturonic Acid,1745,3306,5985,13400,,12317,13750,17686,20774,,0.183954504,0.311717121,0.621089082,0.796784788,,0.479770117,0.404695882,0.541770887,0.551831568,,0.478386374,0.280600771,,0.494517114,0.067831147,,0.967380826,0.91466331,"333.1(33.7674,? NF10_Galacturonic Acid, MEOX (5-TMS) minor)"
313.3,35.5837,NF07,Hexadecanoic Acid,37568,30676,47410,45430,,39692,32206,44109,48826,,3.960345453,2.892387905,4.919938745,2.701338278,,1.546077413,0.947900769,1.351180146,1.296992786,,3.618502595,1.029405252,,1.285537779,0.249211951,,2.814777329,0.0045419,"313.3(35.5837,NF07_Hexadecanoic Acid, O-TMS)"
305.1,36.2558,NF07,Myo-Inositol,506598,816373,924617,1457983,,1746613,1934484,2068399,2139676,,53.40457532,76.97442272,95.95146599,86.69393104,,68.03383323,56.93656062,63.36075775,56.83742956,,78.25609877,18.28992387,,61.29214529,5.43277473,,1.276772063,0.125686511,"305.1(36.2558,NF07_Myo-Inositol, O,O,O,O,O,O-TMS)"
221.1,36.8954,? Golm,Siloxane),8268,8887,6737,7974,,8388,9723,11948,18416,,0.87159647,0.837940126,0.699127343,0.474146411,,0.326728241,0.286171495,0.366000145,0.489194674,,0.720702588,0.180526124,,0.367023639,0.087726084,,1.963640789,0.012454463,"221.1(36.8954,? Golm_Siloxane)"
352.1,36.9958,? Golm,Guanine ,12028,16589,27745,60779,,1124061,1634720,1876470,2710551,,1.267968354,1.564148616,2.879217475,3.61401363,,43.78427197,48.11377834,57.48144391,72.00190661,,2.331337019,1.105254608,,55.34535021,12.48943459,,0.042123449,0.000149367,"352.1(36.9958,? Golm_Guanine (3TMS))"
227.1,38.4092,? Golm,NA),373,341,817,1622,,11522,17541,21315,18657,,0.039320934,0.03215231,0.084783589,0.096446636,,0.448803385,0.516274216,0.652937152,0.495596494,,0.063175867,0.032173263,,0.528402811,0.087689277,,0.119560052,5.92084E-05,"227.1(38.4092,? Golm_NA)"
202.1,38.5991,NF08,L-Tryptophan,30646,22729,66570,135564,,50018,70783,94698,106233,,3.230641683,2.143078781,6.908254002,8.060845749,,1.948294368,2.083315536,2.900860539,2.821927551,,5.085705054,2.844495053,,2.438599498,0.492358772,,2.085502378,0.116350752,"202.1(38.5991,NF08_L-Tryptophan, N-ene,O-TMS)"
342.1,39.1593,NF07,Stearic Acid,711,629,205,2632,,2311,2515,3002,3971,,0.074952236,0.059307341,0.021273728,0.156502803,,0.090017759,0.074022556,0.091959528,0.10548393,,0.078009027,0.056977376,,0.090370943,0.012888244,,0.863209174,0.686877242,"342.1(39.1593,NF07_Stearic Acid, O-TMS)"
315.1,39.9454,NF09,Fructose-6-phosphate methoxyamine ,1473,1796,2955,15790,,24109,36137,35637,38348,,0.155280794,0.169341788,0.306653006,0.938897896,,0.939090506,1.063599643,1.091659455,1.018659717,,0.392543371,0.370581929,,1.02825233,0.066612674,,0.381757823,0.014917537,"315.1(39.9454,NF09_Fructose-6-phosphate methoxyamine (6TMS))"
387.1,40.1773,NF07,Glucose-6-phosphate ,155,630,1521,9098,,18693,29932,31532,39015,,0.016339798,0.059401629,0.157840684,0.540981194,,0.728127206,0.880971428,0.965911999,1.036377617,,0.193640827,0.239013806,,0.902847063,0.132681532,,0.214477994,0.002037268,"387.1(40.1773,NF07_Glucose-6-Phosphate Meox1 TMS)"
357.1,40.5293,? Golm,Mannose-6-phosphate ,164,500,568,3535,,4495,6710,5856,9219,,0.017288561,0.04714415,0.058943793,0.210196584,,0.175088632,0.19749159,0.179385407,0.244889536,,0.083393272,0.086334019,,0.199213791,0.031960537,,0.418611941,0.04552037,"357.1(40.5293,? Golm_Mannose-6-phosphate (1MEOX) (6TMS) BP)"
361.2,45.1907,NF07,Sucrose TMS),633112,323586,330744,676589,,391955,410348,311263,369629,,66.741435,30.51037399,34.32272137,40.23103157,,15.26737812,12.07753787,9.53484291,9.818665186,,42.95139049,16.35644005,,11.67460602,2.651632704,,3.679044107,0.009233129,"361.2(45.1907,NF07_Sucrose TMS)"
218.1,45.1928,NF07,Sucrose TMS),69414,38513,40145,77283,,228221,282303,311654,342283,,7.3174888,3.631325316,4.166018581,4.595367074,,8.889633509,8.308862659,9.546820317,9.092257848,,4.927549943,1.641369499,,8.959393583,0.513413424,,0.549986994,0.003365187,"218.1(45.1928,NF07_Sucrose TMS)"
543.3,45.3481,? NF09,Adenosine 4TMS),0,0,0,1320,,16456,20718,22866,25940,,0,0,0,0.078489248,,0.640991885,0.609781039,0.700448553,0.689058962,,0.019622312,0.039244624,,0.66007011,0.04228373,,0.029727618,5.45757E-07,"543.3(45.3481,? NF09_Adenosine 4TMS)"
230.1,45.3535,NF09,Adenosine 4TMS),31652,41886,71808,177202,,2220801,2774696,3051896,3320568,,3.336692245,3.949359753,7.451823695,10.53670582,,86.50434004,81.66603963,93.48797942,88.20613486,,6.31864538,3.345727917,,87.46612349,4.877716879,,0.072241059,1.5492E-07,"230.1(45.3535,NF09_Adenosine 4TMS)"
361.2,46.5133,? Golm,NA),21450,21152,24946,28038,,12206,21753,25674,27946,,2.261217258,1.994386131,2.588753257,1.667182977,,0.47544646,0.640243601,0.786465326,0.74234548,,2.127884906,0.391682415,,0.661125217,0.138105656,,3.218580764,0.000403272,"361.2(46.5133,? Golm_NA)"
204.1,46.695,? Golm,NA),60141,92755,100112,250731,,14146,26692,21899,21014,,6.339947186,8.74571131,10.38905099,14.90885423,,0.551013078,0.785610362,0.67082668,0.558206824,,10.09589093,3.6138925,,0.641414236,0.110684924,,15.7400481,0.001957484,"204.1(46.695,? Golm_NA)"
245.1,47.1101,? Golm,Guanosine ,7694,9793,14860,33377,,255354,259599,251932,188937,,0.811086507,0.923365326,1.542085842,1.9846482,,9.946514454,7.640628819,7.717370982,5.018840904,,1.315296469,0.549940259,,7.58083879,2.015148498,,0.173502762,0.000965328,"245.1(47.1101,? Golm_Guanosine (4TMS)  (coeluting with Guanosine (5TMS)))"
296.1,47.1128,? Golm,Guanosine ,989,1487,2968,9137,,76443,81607,78790,59634,,0.104258455,0.140206703,0.308002071,0.543300195,,2.977597392,2.401892134,2.413554688,1.584091832,,0.273941856,0.200326035,,2.344284011,0.573612851,,0.116855234,0.000489551,"296.1(47.1128,? Golm_Guanosine (4TMS)  (coeluting with Guanosine (5TMS)))"
253.1,47.1149,? Golm,Guanosine ,1633,3993,4267,7902,,13720,17477,25093,24459,,0.172147682,0.376493184,0.442804864,0.469865179,,0.534419583,0.51439054,0.768667696,0.649718317,,0.365327727,0.134627861,,0.616799034,0.117504104,,0.592296205,0.030573271,"253.1(47.1149,? Golm_Guanosine (4TMS)  (coeluting with Guanosine (5TMS)))"
,,,,,,,,,,,,,,,,,,,,,,,,,,,,,,,,
,,,,,,,,,,,,,,,,,,,,,,,,,,,,,,,,
,,,,,,,,,,,,,,,,,,,,,,,,,,,,,,,,
156.1,9.2157,,Unknown,189225,224490,212271,241381,,184583,250368,243362,255509,,,,,,,,,,,,,,,,,,,,"156.1(9.2157,Unknown)"
161.1,9.2421,,Unknown,2194,2425,2557,2463,,3274,3934,3958,4743,,,,,,,,,,,,,,,,,,,,"161.1(9.2421,Unknown)"
190.9,9.2625,,Unknown,5405,4453,7246,8551,,3328,2336,2159,3227,,,,,,,,,,,,,,,,,,,,"190.9(9.2625,Unknown)"
172.1,9.276,,Unknown,518052,357163,397488,528177,,344301,361867,437633,517774,,,,,,,,,,,,,,,,,,,,"172.1(9.276,Unknown)"
158.2,9.2821,,Unknown,377196,501298,435132,419679,,501507,588114,581316,582927,,,,,,,,,,,,,,,,,,,,"158.2(9.2821,Unknown)"
-1,9.3602,,Unknown,-1,-1,-1,-1,,-1,-1,-1,-1,,,,,,,,,,,,,,,,,,,,"-1(9.3602,Unknown)"
184.1,9.4863,,Unknown,88215,88602,118557,83340,,106155,119534,148252,147913,,,,,,,,,,,,,,,,,,,,"184.1(9.4863,Unknown)"
204.1,9.5066,,Unknown,3694,3447,3805,3762,,4099,4141,4942,4101,,,,,,,,,,,,,,,,,,,,"204.1(9.5066,Unknown)"
156,9.5283,,Unknown,1343,963,1290,1848,,3628,3307,3171,4045,,,,,,,,,,,,,,,,,,,,"156(9.5283,Unknown)"
158.1,9.5887,,Unknown,12459,10581,13388,7466,,5980,7588,7947,8067,,,,,,,,,,,,,,,,,,,,"158.1(9.5887,Unknown)"
168.1,9.624,,Unknown,965,1052,1426,739,,914,745,1310,807,,,,,,,,,,,,,,,,,,,,"168.1(9.624,Unknown)"
155.2,9.6443,,Unknown,16079,17063,14786,15430,,21301,21967,23439,25538,,,,,,,,,,,,,,,,,,,,"155.2(9.6443,Unknown)"
155,9.7786,,Unknown,11463,9398,6670,15430,,21301,21967,23439,25538,,,,,,,,,,,,,,,,,,,,"155(9.7786,Unknown)"
152,9.8539,,Unknown,898,1730,621,1979,,3529,2881,3652,4144,,,,,,,,,,,,,,,,,,,,"152(9.8539,Unknown)"
187,9.8756,,Unknown,43959,59596,41152,63229,,48811,55405,64289,60488,,,,,,,,,,,,,,,,,,,,"187(9.8756,Unknown)"
249,9.9346,,Unknown,8799,10914,21511,22131,,12843,22865,25350,30683,,,,,,,,,,,,,,,,,,,,"249(9.9346,Unknown)"
249,10.0553,,Unknown,8799,10914,21511,22131,,12843,22865,25350,30683,,,,,,,,,,,,,,,,,,,,"249(10.0553,Unknown)"
155,10.1245,,Unknown,336,9912,154,523,,2544,2986,3985,2453,,,,,,,,,,,,,,,,,,,,"155(10.1245,Unknown)"
172.1,10.1632,,Unknown,1465,1075,2311,2220,,1344,1410,2255,2325,,,,,,,,,,,,,,,,,,,,"172.1(10.1632,Unknown)"
207,10.309,,Unknown,24839,30928,27466,34331,,28590,36946,38692,37185,,,,,,,,,,,,,,,,,,,,"207(10.309,Unknown)"
-1,10.4928,,Unknown,-1,-1,-1,-1,,-1,-1,-1,-1,,,,,,,,,,,,,,,,,,,,"-1(10.4928,Unknown)"
174.1,10.8163,,Unknown,20412,20401,19863,19374,,18656,21042,21628,20663,,,,,,,,,,,,,,,,,,,,"174.1(10.8163,Unknown)"
219,10.8536,,Unknown,303,797,0,2198,,1144,1300,1678,1048,,,,,,,,,,,,,,,,,,,,"219(10.8536,Unknown)"
154.2,10.8848,,Unknown,201,329,14092,319,,440,1941,1256,2740,,,,,,,,,,,,,,,,,,,,"154.2(10.8848,Unknown)"
-1,10.9424,,Unknown,-1,-1,-1,-1,,-1,-1,-1,-1,,,,,,,,,,,,,,,,,,,,"-1(10.9424,Unknown)"
160.1,11.0354,,Unknown,1174,1205,1079,1175,,348,1058,1259,1288,,,,,,,,,,,,,,,,,,,,"160.1(11.0354,Unknown)"
172,11.1561,,Unknown,184,160,579,409,,363,369,612,938,,,,,,,,,,,,,,,,,,,,"172(11.1561,Unknown)"
207,11.3467,,Unknown,96160,173502,147721,115739,,95920,132465,120161,133398,,,,,,,,,,,,,,,,,,,,"207(11.3467,Unknown)"
221.1,11.7706,,Unknown,45987,24371,38130,20536,,16511,18277,19309,19010,,,,,,,,,,,,,,,,,,,,"221.1(11.7706,Unknown)"
158,12.0222,,Unknown,239,183,6275,573,,34794,303,664,625,,,,,,,,,,,,,,,,,,,,"158(12.0222,Unknown)"
-1,12.2419,,Unknown,-1,-1,-1,-1,,-1,-1,-1,-1,,,,,,,,,,,,,,,,,,,,"-1(12.2419,Unknown)"
-1,12.2962,,Unknown,-1,-1,-1,-1,,-1,-1,-1,-1,,,,,,,,,,,,,,,,,,,,"-1(12.2962,Unknown)"
200.1,12.3409,,Unknown,5644,5613,4610,5841,,5419,5643,7129,6295,,,,,,,,,,,,,,,,,,,,"200.1(12.3409,Unknown)"
-1,12.3904,,Unknown,-1,-1,-1,-1,,-1,-1,-1,-1,,,,,,,,,,,,,,,,,,,,"-1(12.3904,Unknown)"
211,12.5383,,Unknown,8021,10051,7968,7823,,3215,4273,4531,4811,,,,,,,,,,,,,,,,,,,,"211(12.5383,Unknown)"
173,12.7431,,Unknown,1261,558,278,802,,329,359,985,953,,,,,,,,,,,,,,,,,,,,"173(12.7431,Unknown)"
154.1,12.8015,,Unknown,8801,10476,16093,16686,,13225,16941,24110,25530,,,,,,,,,,,,,,,,,,,,"154.1(12.8015,Unknown)"
150,12.8238,,Unknown,1574,360,1525,5809,,4628,5083,7306,8874,,,,,,,,,,,,,,,,,,,,"150(12.8238,Unknown)"
232,12.8611,,Unknown,0,175,0,1265,,933,1137,1294,2760,,,,,,,,,,,,,,,,,,,,"232(12.8611,Unknown)"
150,12.8734,,Unknown,1574,360,1525,5809,,4628,5083,7306,8874,,,,,,,,,,,,,,,,,,,,"150(12.8734,Unknown)"
204.1,12.889,,Unknown,56137,19753,30046,21858,,42685,25508,35403,20171,,,,,,,,,,,,,,,,,,,,"204.1(12.889,Unknown)"
207.1,12.9188,,Unknown,15982,15847,14326,14676,,13141,14218,13490,12969,,,,,,,,,,,,,,,,,,,,"207.1(12.9188,Unknown)"
278.1,12.9663,,Unknown,1550,1485,2366,2832,,1555,2232,2425,2914,,,,,,,,,,,,,,,,,,,,"278.1(12.9663,Unknown)"
188.2,13.262,,Unknown,16519,9012,11600,12355,,6639,7382,7431,6132,,,,,,,,,,,,,,,,,,,,"188.2(13.262,Unknown)"
245.1,13.361,,Unknown,24597,18215,15233,10061,,14273,8480,8275,12166,,,,,,,,,,,,,,,,,,,,"245.1(13.361,Unknown)"
248.2,13.4939,,Unknown,10085,10879,10652,8921,,11116,11367,11588,12379,,,,,,,,,,,,,,,,,,,,"248.2(13.4939,Unknown)"
267,13.637,,Unknown,3313,3941,2632,3835,,3508,4269,3581,4006,,,,,,,,,,,,,,,,,,,,"267(13.637,Unknown)"
218.1,13.6574,,Unknown,29111,12622,19509,15288,,24304,13548,17414,12197,,,,,,,,,,,,,,,,,,,,"218.1(13.6574,Unknown)"
-1,13.7076,,Unknown,-1,-1,-1,-1,,-1,-1,-1,-1,,,,,,,,,,,,,,,,,,,,"-1(13.7076,Unknown)"
156.1,13.8575,,Unknown,3906,4707,6062,7827,,4180,3143,4408,4734,,,,,,,,,,,,,,,,,,,,"156.1(13.8575,Unknown)"
207.1,13.9036,,Unknown,15413,15593,15795,16470,,15735,13653,17004,15473,,,,,,,,,,,,,,,,,,,,"207.1(13.9036,Unknown)"
221.1,13.926,,Unknown,58464,53611,55337,45728,,57040,55053,62663,64668,,,,,,,,,,,,,,,,,,,,"221.1(13.926,Unknown)"
220.1,13.93,,Unknown,286488,265190,273252,233755,,290632,283006,308401,331394,,,,,,,,,,,,,,,,,,,,"220.1(13.93,Unknown)"
219.1,14.0162,,Unknown,12481,14477,20634,23031,,6605,6991,7896,8321,,,,,,,,,,,,,,,,,,,,"219.1(14.0162,Unknown)"
191.1,14.0494,,Unknown,10473,9792,10732,8557,,10530,8644,10673,11924,,,,,,,,,,,,,,,,,,,,"191.1(14.0494,Unknown)"
234.1,14.1077,,Unknown,2768,1824,2390,3534,,1356,755,1233,1959,,,,,,,,,,,,,,,,,,,,"234.1(14.1077,Unknown)"
-1,14.124,,Unknown,-1,-1,-1,-1,,-1,-1,-1,-1,,,,,,,,,,,,,,,,,,,,"-1(14.124,Unknown)"
207,14.1871,,Unknown,18691,23974,28873,27825,,21589,25793,26123,26452,,,,,,,,,,,,,,,,,,,,"207(14.1871,Unknown)"
157.2,14.2291,,Unknown,3202,3091,6232,5968,,1749,2485,3174,4087,,,,,,,,,,,,,,,,,,,,"157.2(14.2291,Unknown)"
355.1,14.3024,,Unknown,4604,5310,4676,4026,,1471,3082,1707,3296,,,,,,,,,,,,,,,,,,,,"355.1(14.3024,Unknown)"
233,14.4536,,Unknown,213,940,550,4841,,1809,2529,3057,3556,,,,,,,,,,,,,,,,,,,,"233(14.4536,Unknown)"
190.9,14.5709,,Unknown,5774,3612,5758,3038,,2866,3883,2826,5420,,,,,,,,,,,,,,,,,,,,"190.9(14.5709,Unknown)"
-1,14.6055,,Unknown,-1,-1,-1,-1,,-1,-1,-1,-1,,,,,,,,,,,,,,,,,,,,"-1(14.6055,Unknown)"
152,14.6632,,Unknown,1459,1564,3613,5317,,3524,5210,6474,6809,,,,,,,,,,,,,,,,,,,,"152(14.6632,Unknown)"
159.1,14.6842,,Unknown,4175,4679,3712,5639,,3660,5186,5234,5025,,,,,,,,,,,,,,,,,,,,"159.1(14.6842,Unknown)"
187.1,14.8083,,Unknown,6792,6255,9520,13463,,4816,4522,7697,8682,,,,,,,,,,,,,,,,,,,,"187.1(14.8083,Unknown)"
186.1,14.83,,Unknown,9601,12706,16421,23621,,7513,13184,20023,22177,,,,,,,,,,,,,,,,,,,,"186.1(14.83,Unknown)"
152.1,14.8538,,Unknown,4455,3892,3445,5321,,3655,5210,5859,2812,,,,,,,,,,,,,,,,,,,,"152.1(14.8538,Unknown)"
188.1,14.9324,,Unknown,211396,156435,180651,146699,,164187,124453,141743,120417,,,,,,,,,,,,,,,,,,,,"188.1(14.9324,Unknown)"
189.1,15.0016,,Unknown,32503,24648,28211,23709,,24920,18756,20577,19335,,,,,,,,,,,,,,,,,,,,"189.1(15.0016,Unknown)"
-1,15.1379,,Unknown,-1,-1,-1,-1,,-1,-1,-1,-1,,,,,,,,,,,,,,,,,,,,"-1(15.1379,Unknown)"
-1,15.1535,,Unknown,-1,-1,-1,-1,,-1,-1,-1,-1,,,,,,,,,,,,,,,,,,,,"-1(15.1535,Unknown)"
-1,15.1895,,Unknown,-1,-1,-1,-1,,-1,-1,-1,-1,,,,,,,,,,,,,,,,,,,,"-1(15.1895,Unknown)"
188.1,15.2437,,Unknown,10029,8778,10253,15378,,16099,24343,27694,19039,,,,,,,,,,,,,,,,,,,,"188.1(15.2437,Unknown)"
174.1,15.2688,,Unknown,8622,8036,9322,8220,,8250,8184,9338,8818,,,,,,,,,,,,,,,,,,,,"174.1(15.2688,Unknown)"
188.1,15.511,,Unknown,2776,2633,4656,6554,,1776,2795,3729,3707,,,,,,,,,,,,,,,,,,,,"188.1(15.511,Unknown)"
170.1,15.5476,,Unknown,1297,1419,2500,3983,,1564,1541,2717,4539,,,,,,,,,,,,,,,,,,,,"170.1(15.5476,Unknown)"
-1,15.6798,,Unknown,-1,-1,-1,-1,,-1,-1,-1,-1,,,,,,,,,,,,,,,,,,,,"-1(15.6798,Unknown)"
157.1,15.8955,,Unknown,13215,16882,16302,18926,,11027,14581,14789,15531,,,,,,,,,,,,,,,,,,,,"157.1(15.8955,Unknown)"
165,15.941,,Unknown,3380,4607,3176,7076,,4554,5130,5161,6488,,,,,,,,,,,,,,,,,,,,"165(15.941,Unknown)"
174.2,16.1417,,Unknown,9267,8964,13997,23918,,9245,13358,15676,23484,,,,,,,,,,,,,,,,,,,,"174.2(16.1417,Unknown)"
156.1,16.2726,,Unknown,129747,138994,256314,394150,,45178,62483,91048,97206,,,,,,,,,,,,,,,,,,,,"156.1(16.2726,Unknown)"
201.1,16.2746,,Unknown,127451,141579,270605,423566,,42710,59854,91178,98455,,,,,,,,,,,,,,,,,,,,"201.1(16.2746,Unknown)"
227.1,16.3086,,Unknown,2561,2728,2916,2505,,2025,2043,2258,2260,,,,,,,,,,,,,,,,,,,,"227.1(16.3086,Unknown)"
191.1,16.3859,,Unknown,4570,5769,5774,3540,,7532,4715,7139,9360,,,,,,,,,,,,,,,,,,,,"191.1(16.3859,Unknown)"
174.1,16.5398,,Unknown,6878,4527,712,12826,,11642,9736,13046,9747,,,,,,,,,,,,,,,,,,,,"174.1(16.5398,Unknown)"
-1,16.5805,,Unknown,-1,-1,-1,-1,,-1,-1,-1,-1,,,,,,,,,,,,,,,,,,,,"-1(16.5805,Unknown)"
249,16.609,,Unknown,702,354,788,2927,,522,533,1171,1712,,,,,,,,,,,,,,,,,,,,"249(16.609,Unknown)"
190.1,16.7033,,Unknown,656992,368885,511460,627915,,139500,105094,155355,214535,,,,,,,,,,,,,,,,,,,,"190.1(16.7033,Unknown)"
336,16.7236,,Unknown,1236,415,733,178,,18688,28970,30433,30418,,,,,,,,,,,,,,,,,,,,"336(16.7236,Unknown)"
186.2,16.9224,,Unknown,59772,45665,49858,52354,,32952,25231,31565,34044,,,,,,,,,,,,,,,,,,,,"186.2(16.9224,Unknown)"
173.1,16.9997,,Unknown,5443,5641,6167,8553,,6201,6674,99968,125358,,,,,,,,,,,,,,,,,,,,"173.1(16.9997,Unknown)"
228,17.0702,,Unknown,2293,2787,5122,6912,,1405,2479,3544,3523,,,,,,,,,,,,,,,,,,,,"228(17.0702,Unknown)"
188,17.1516,,Unknown,1711,806,1140,28506,,11320,11457,17620,12399,,,,,,,,,,,,,,,,,,,,"188(17.1516,Unknown)"
190.1,17.3347,,Unknown,5694,6999,11918,12321,,3061,3340,5815,5037,,,,,,,,,,,,,,,,,,,,"190.1(17.3347,Unknown)"
158.1,17.3564,,Unknown,2069,547202,2648,4689,,1352415,1718369,2225202,2788851,,,,,,,,,,,,,,,,,,,,"158.1(17.3564,Unknown)"
-1,17.3788,,Unknown,-1,-1,-1,-1,,-1,-1,-1,-1,,,,,,,,,,,,,,,,,,,,"-1(17.3788,Unknown)"
-1,17.4358,,Unknown,-1,-1,-1,-1,,-1,-1,-1,-1,,,,,,,,,,,,,,,,,,,,"-1(17.4358,Unknown)"
216.1,17.4751,,Unknown,5654,6251,9930,13936,,6583,7621,13626,12769,,,,,,,,,,,,,,,,,,,,"216.1(17.4751,Unknown)"
200.1,17.5002,,Unknown,4798,4963,8186,14307,,3845,5986,8285,7470,,,,,,,,,,,,,,,,,,,,"200.1(17.5002,Unknown)"
187.2,17.6379,,Unknown,9571,4314,4604,6817,,9977,9307,9293,9578,,,,,,,,,,,,,,,,,,,,"187.2(17.6379,Unknown)"
300.1,17.6528,,Unknown,2061161,2555465,4485452,6370593,,7496953,8875144,10102710,10403231,,,,,,,,,,,,,,,,,,,,"300.1(17.6528,Unknown)"
300,17.6718,,Unknown,6647,11526,9882,6370425,,7493664,8875144,8548431,5815275,,,,,,,,,,,,,,,,,,,,"300(17.6718,Unknown)"
314,17.6942,,Unknown,3144,1847,4057,4318692,,4257971,4102592,3746981,3863350,,,,,,,,,,,,,,,,,,,,"314(17.6942,Unknown)"
301.1,17.7084,,Unknown,1133193,1395662,2439427,3468775,,4073170,4845354,5465875,5642491,,,,,,,,,,,,,,,,,,,,"301.1(17.7084,Unknown)"
155.1,17.7613,,Unknown,2293,155,1087,1517,,5403,6967,7642,6438,,,,,,,,,,,,,,,,,,,,"155.1(17.7613,Unknown)"
169.1,17.7952,,Unknown,9507,766,12132,1429,,7840,8428,9981,9786,,,,,,,,,,,,,,,,,,,,"169.1(17.7952,Unknown)"
186.1,17.8502,,Unknown,223123,129836,157217,126354,,167465,109008,132032,102278,,,,,,,,,,,,,,,,,,,,"186.1(17.8502,Unknown)"
180,17.8847,,Unknown,1201,3587,1277,3203,,4128,4481,5894,5942,,,,,,,,,,,,,,,,,,,,"180(17.8847,Unknown)"
172.9,17.9173,,Unknown,1122,743,1122,876,,1865,1283,1964,1166,,,,,,,,,,,,,,,,,,,,"172.9(17.9173,Unknown)"
158.2,18.1126,,Unknown,840108,966178,1289028,2291532,,1537603,2097412,3081798,3952978,,,,,,,,,,,,,,,,,,,,"158.2(18.1126,Unknown)"
173.1,18.1947,,Unknown,2219,2534,4175,9658,,1341,1921,3107,3672,,,,,,,,,,,,,,,,,,,,"173.1(18.1947,Unknown)"
150.1,18.4253,,Unknown,1967,2858,4043,6774,,823,985,1568,2276,,,,,,,,,,,,,,,,,,,,"150.1(18.4253,Unknown)"
180.1,18.5467,,Unknown,94306,83458,72014,76162,,60775,81404,64971,61505,,,,,,,,,,,,,,,,,,,,"180.1(18.5467,Unknown)"
314.1,18.5684,,Unknown,2010,2223,497,154,,167,1081,2489,1735,,,,,,,,,,,,,,,,,,,,"314.1(18.5684,Unknown)"
191.1,18.7698,,Unknown,7559,9743,9271,9669,,14831,10674,13634,18442,,,,,,,,,,,,,,,,,,,,"191.1(18.7698,Unknown)"
240.1,18.8709,,Unknown,6218,7334,11915,5323,,4710,6007,5153,5430,,,,,,,,,,,,,,,,,,,,"240.1(18.8709,Unknown)"
159.1,18.9611,,Unknown,3890,4045,3209,2767,,1856,2826,3303,3051,,,,,,,,,,,,,,,,,,,,"159.1(18.9611,Unknown)"
199.1,18.9903,,Unknown,196,855,653,515,,1496,1662,1833,2551,,,,,,,,,,,,,,,,,,,,"199.1(18.9903,Unknown)"
300,19.1503,,Unknown,0,384,515,1731,,355,1153,1681,1752,,,,,,,,,,,,,,,,,,,,"300(19.1503,Unknown)"
221.1,19.2263,,Unknown,6175,7032,7256,7422,,4930,5973,5904,8900,,,,,,,,,,,,,,,,,,,,"221.1(19.2263,Unknown)"
162.1,19.4026,,Unknown,6311,7772,11817,17984,,662,1570,1901,3053,,,,,,,,,,,,,,,,,,,,"162.1(19.4026,Unknown)"
165,19.5064,,Unknown,1274,1186,1093,3888,,562,1303,1091,1312,,,,,,,,,,,,,,,,,,,,"165(19.5064,Unknown)"
171,19.6068,,Unknown,4587,4353,7287,19515,,5988,8204,6438,7477,,,,,,,,,,,,,,,,,,,,"171(19.6068,Unknown)"
246,19.7512,,Unknown,2172,867,985,10542,,5254,5868,4423,5532,,,,,,,,,,,,,,,,,,,,"246(19.7512,Unknown)"
240.1,19.8611,,Unknown,7232,8344,13516,12859,,3199,4627,4787,7184,,,,,,,,,,,,,,,,,,,,"240.1(19.8611,Unknown)"
260.1,19.8821,,Unknown,2284,1835,6871,8303,,4130,3449,7989,9151,,,,,,,,,,,,,,,,,,,,"260.1(19.8821,Unknown)"
241.1,20.0354,,Unknown,1060,1034,1610,2458,,4854,6662,8481,11261,,,,,,,,,,,,,,,,,,,,"241.1(20.0354,Unknown)"
224.1,20.2931,,Unknown,86829,80695,102039,126751,,11725,13645,13679,13743,,,,,,,,,,,,,,,,,,,,"224.1(20.2931,Unknown)"
202,20.344,,Unknown,1075,293,1218,5678,,674,1611,2230,4098,,,,,,,,,,,,,,,,,,,,"202(20.344,Unknown)"
200.1,20.3996,,Unknown,167,343,1097,1973,,567,690,1841,2197,,,,,,,,,,,,,,,,,,,,"200.1(20.3996,Unknown)"
164.1,20.443,,Unknown,825,993,1469,2130,,5696,8201,9696,13745,,,,,,,,,,,,,,,,,,,,"164.1(20.443,Unknown)"
247.1,20.4647,,Unknown,1509,1519,2384,3804,,6587,6749,7720,9706,,,,,,,,,,,,,,,,,,,,"247.1(20.4647,Unknown)"
221.1,20.5407,,Unknown,73939,90274,157876,223748,,52345,66419,81404,101824,,,,,,,,,,,,,,,,,,,,"221.1(20.5407,Unknown)"
155.1,20.5902,,Unknown,14433,14459,14606,13637,,12279,12816,13135,13357,,,,,,,,,,,,,,,,,,,,"155.1(20.5902,Unknown)"
401,20.6899,,Unknown,2416,2041,1835,3170,,1670,2337,2905,4106,,,,,,,,,,,,,,,,,,,,"401(20.6899,Unknown)"
240.1,20.719,,Unknown,13814,12131,21960,9313,,8303,9387,8543,10155,,,,,,,,,,,,,,,,,,,,"240.1(20.719,Unknown)"
174.1,20.9022,,Unknown,16948,16842,31873,45177,,9858,12722,17595,20262,,,,,,,,,,,,,,,,,,,,"174.1(20.9022,Unknown)"
304.9,20.9822,,Unknown,0,0,181,238,,485,185,721,859,,,,,,,,,,,,,,,,,,,,"304.9(20.9822,Unknown)"
157.2,21.0331,,Unknown,823,1171,1220,1575,,707,1237,1855,1282,,,,,,,,,,,,,,,,,,,,"157.2(21.0331,Unknown)"
183.1,21.05,,Unknown,4986,6348,5970,7963,,4305,4863,4380,3903,,,,,,,,,,,,,,,,,,,,"183.1(21.05,Unknown)"
239.2,21.1803,,Unknown,5006,4749,3514,5249,,6033,5986,6113,6728,,,,,,,,,,,,,,,,,,,,"239.2(21.1803,Unknown)"
234.1,21.2162,,Unknown,33366,14396,7353,6803,,20963,8438,6848,6514,,,,,,,,,,,,,,,,,,,,"234.1(21.2162,Unknown)"
373.1,21.2345,,Unknown,11413,13827,21772,22859,,13104,20896,19727,17109,,,,,,,,,,,,,,,,,,,,"373.1(21.2345,Unknown)"
239.1,21.2535,,Unknown,5190,5298,4013,4816,,6033,5986,6113,6728,,,,,,,,,,,,,,,,,,,,"239.1(21.2535,Unknown)"
174.1,21.3023,,Unknown,7110,8429,11831,17160,,72819,99185,98178,105980,,,,,,,,,,,,,,,,,,,,"174.1(21.3023,Unknown)"
174.1,21.3254,,Unknown,7110,8429,11831,17160,,72819,99185,98178,105980,,,,,,,,,,,,,,,,,,,,"174.1(21.3254,Unknown)"
270,21.4122,,Unknown,276,700,253,207,,226,540,1102,1976,,,,,,,,,,,,,,,,,,,,"270(21.4122,Unknown)"
174,21.4488,,Unknown,1226,1619,228,17313,,73069,99654,98724,105980,,,,,,,,,,,,,,,,,,,,"174(21.4488,Unknown)"
-1,21.4983,,Unknown,-1,-1,-1,-1,,-1,-1,-1,-1,,,,,,,,,,,,,,,,,,,,"-1(21.4983,Unknown)"
218.2,21.6184,,Unknown,3628,3725,4907,7739,,8380,9447,11822,12554,,,,,,,,,,,,,,,,,,,,"218.2(21.6184,Unknown)"
227.1,21.7221,,Unknown,1292,1838,2525,2299,,1594,1528,2259,2445,,,,,,,,,,,,,,,,,,,,"227.1(21.7221,Unknown)"
160.1,21.7906,,Unknown,29025,25544,28765,36980,,92764,97850,84167,69758,,,,,,,,,,,,,,,,,,,,"160.1(21.7906,Unknown)"
233.1,21.8117,,Unknown,10265,11933,18581,21904,,9539,11949,16674,15341,,,,,,,,,,,,,,,,,,,,"233.1(21.8117,Unknown)"
191,21.9324,,Unknown,4822,3607,4872,9996,,4186,7687,8136,8581,,,,,,,,,,,,,,,,,,,,"191(21.9324,Unknown)"
188.1,22.142,,Unknown,2432,3081,5717,9410,,12658,12986,14008,11733,,,,,,,,,,,,,,,,,,,,"188.1(22.142,Unknown)"
243.1,22.2722,,Unknown,17506,14546,14810,16692,,30683,21574,19993,18752,,,,,,,,,,,,,,,,,,,,"243.1(22.2722,Unknown)"
350.1,22.4194,,Unknown,12706,12791,14148,14372,,20100,18152,20716,21598,,,,,,,,,,,,,,,,,,,,"350.1(22.4194,Unknown)"
230.2,22.5428,,Unknown,22079,11344,19792,14611,,4780,5759,4712,5313,,,,,,,,,,,,,,,,,,,,"230.2(22.5428,Unknown)"
258.1,22.5848,,Unknown,19754,15770,43462,106428,,2793,9046,9062,10628,,,,,,,,,,,,,,,,,,,,"258.1(22.5848,Unknown)"
169.1,22.6174,,Unknown,319,302,171,2226,,669,938,1794,3248,,,,,,,,,,,,,,,,,,,,"169.1(22.6174,Unknown)"
174.1,22.6696,,Unknown,20983,20813,32979,50779,,10764,13442,15429,17582,,,,,,,,,,,,,,,,,,,,"174.1(22.6696,Unknown)"
168,22.7531,,Unknown,1264,1855,1946,8077,,4016,7858,9587,10309,,,,,,,,,,,,,,,,,,,,"168(22.7531,Unknown)"
168.1,22.7781,,Unknown,2529,2792,5213,6895,,4016,5407,9606,9243,,,,,,,,,,,,,,,,,,,,"168.1(22.7781,Unknown)"
211.1,22.831,,Unknown,0,150,328,733,,430,507,1605,2514,,,,,,,,,,,,,,,,,,,,"211.1(22.831,Unknown)"
218.1,22.8595,,Unknown,19348,18008,36102,51885,,12365,11833,20021,22406,,,,,,,,,,,,,,,,,,,,"218.1(22.8595,Unknown)"
232.1,22.8894,,Unknown,232448,196340,265628,385195,,279133,218427,347943,382213,,,,,,,,,,,,,,,,,,,,"232.1(22.8894,Unknown)"
155.1,23.0047,,Unknown,2809,2201,3493,5138,,2776,3248,4280,5223,,,,,,,,,,,,,,,,,,,,"155.1(23.0047,Unknown)"
194.1,23.2902,,Unknown,5622,5054,7717,10472,,8767,9874,9708,10953,,,,,,,,,,,,,,,,,,,,"194.1(23.2902,Unknown)"
243,23.4645,,Unknown,1618,421,682,11271,,2494,2932,5088,6469,,,,,,,,,,,,,,,,,,,,"243(23.4645,Unknown)"
188.2,23.5316,,Unknown,7516,4956,8366,10857,,6340,6135,7913,7671,,,,,,,,,,,,,,,,,,,,"188.2(23.5316,Unknown)"
161.1,23.5961,,Unknown,1700,1413,1910,1771,,1537,2148,2693,2632,,,,,,,,,,,,,,,,,,,,"161.1(23.5961,Unknown)"
183.9,23.6951,,Unknown,1471,910,1568,2454,,1019,731,957,2288,,,,,,,,,,,,,,,,,,,,"183.9(23.6951,Unknown)"
223.1,23.71,,Unknown,1713,1217,813,2025,,2435,3779,5512,5149,,,,,,,,,,,,,,,,,,,,"223.1(23.71,Unknown)"
174.1,23.7751,,Unknown,83505,94898,120116,196095,,300639,334149,380343,510770,,,,,,,,,,,,,,,,,,,,"174.1(23.7751,Unknown)"
261.1,23.7928,,Unknown,7505,5584,11384,16476,,5458,6763,10242,12549,,,,,,,,,,,,,,,,,,,,"261.1(23.7928,Unknown)"
279.1,23.9135,,Unknown,629,863,268,1008,,2242,2759,2653,2936,,,,,,,,,,,,,,,,,,,,"279.1(23.9135,Unknown)"
217,23.9596,,Unknown,2442,2908,3476,31316,,19889,24261,25783,26274,,,,,,,,,,,,,,,,,,,,"217(23.9596,Unknown)"
156.1,23.9874,,Unknown,7721,7186,12246,15993,,5498,7833,6514,10745,,,,,,,,,,,,,,,,,,,,"156.1(23.9874,Unknown)"
170.1,24.2058,,Unknown,9620,16000,19734,34153,,51180,45476,79443,98514,,,,,,,,,,,,,,,,,,,,"170.1(24.2058,Unknown)"
158.1,24.2777,,Unknown,138890,110606,169938,230690,,280110,283650,379530,436945,,,,,,,,,,,,,,,,,,,,"158.1(24.2777,Unknown)"
154.1,24.296,,Unknown,23389,18654,28444,39684,,46620,47380,63566,74116,,,,,,,,,,,,,,,,,,,,"154.1(24.296,Unknown)"
254.1,24.3096,,Unknown,4855,7098,8691,13300,,13755,17856,23182,23917,,,,,,,,,,,,,,,,,,,,"254.1(24.3096,Unknown)"
247.1,24.3252,,Unknown,8331,12194,18198,23952,,7113,7420,15133,14840,,,,,,,,,,,,,,,,,,,,"247.1(24.3252,Unknown)"
202.1,24.3808,,Unknown,13681,16550,18954,20799,,12493,15246,16834,17367,,,,,,,,,,,,,,,,,,,,"202.1(24.3808,Unknown)"
230.1,24.4276,,Unknown,324043,260963,413933,567432,,619424,636461,865052,994209,,,,,,,,,,,,,,,,,,,,"230.1(24.4276,Unknown)"
276.1,24.4751,,Unknown,1614,1721,1739,1759,,6535,6901,6197,4493,,,,,,,,,,,,,,,,,,,,"276.1(24.4751,Unknown)"
221.1,24.5151,,Unknown,18440,18622,17418,21079,,10026,10351,10271,10825,,,,,,,,,,,,,,,,,,,,"221.1(24.5151,Unknown)"
292.1,24.532,,Unknown,3519,3016,3683,10007,,5820,5455,7495,7329,,,,,,,,,,,,,,,,,,,,"292.1(24.532,Unknown)"
185.1,24.5863,,Unknown,3901,3772,5571,7813,,5566,5429,7832,8440,,,,,,,,,,,,,,,,,,,,"185.1(24.5863,Unknown)"
194.1,24.6249,,Unknown,4470,2200,3206,2719,,1860,2279,2319,1969,,,,,,,,,,,,,,,,,,,,"194.1(24.6249,Unknown)"
245.1,24.6595,,Unknown,8942,9989,14052,20245,,11734,11940,15242,15988,,,,,,,,,,,,,,,,,,,,"245.1(24.6595,Unknown)"
317.2,24.7131,,Unknown,14100,5438,10003,1779,,1144,2279,1514,1642,,,,,,,,,,,,,,,,,,,,"317.2(24.7131,Unknown)"
400.9,24.7809,,Unknown,4609,784,2160,8149,,1385,2761,3587,7904,,,,,,,,,,,,,,,,,,,,"400.9(24.7809,Unknown)"
232.1,24.7979,,Unknown,2471,2360,3676,5447,,2365,4322,4893,4935,,,,,,,,,,,,,,,,,,,,"232.1(24.7979,Unknown)"
260.1,24.8189,,Unknown,3566,4026,3276,23515,,8899,8054,11990,14724,,,,,,,,,,,,,,,,,,,,"260.1(24.8189,Unknown)"
334,25.1777,,Unknown,452,925,688,3137,,884,1755,786,2835,,,,,,,,,,,,,,,,,,,,"334(25.1777,Unknown)"
313.2,25.2211,,Unknown,71967,70047,39443,34475,,62314,63627,45694,57465,,,,,,,,,,,,,,,,,,,,"313.2(25.2211,Unknown)"
313.2,25.2482,,Unknown,71967,70047,39443,34475,,62314,63627,45694,57465,,,,,,,,,,,,,,,,,,,,"313.2(25.2482,Unknown)"
158.1,25.352,,Unknown,9467,10197,12271,19718,,11474,12504,13483,15677,,,,,,,,,,,,,,,,,,,,"158.1(25.352,Unknown)"
267.1,25.3683,,Unknown,7450,8082,7557,8273,,9843,9616,10003,8885,,,,,,,,,,,,,,,,,,,,"267.1(25.3683,Unknown)"
198,25.4436,,Unknown,6779,7101,10150,23633,,8322,8769,10984,11748,,,,,,,,,,,,,,,,,,,,"198(25.4436,Unknown)"
185.1,25.5087,,Unknown,3792,3806,5937,8262,,7256,8106,12503,11837,,,,,,,,,,,,,,,,,,,,"185.1(25.5087,Unknown)"
217.1,25.5317,,Unknown,6693,6777,8004,110419,,12664,14402,15110,17276,,,,,,,,,,,,,,,,,,,,"217.1(25.5317,Unknown)"
162,25.5941,,Unknown,757,2072,1500,64280,,28022,35293,60030,72413,,,,,,,,,,,,,,,,,,,,"162(25.5941,Unknown)"
334.1,25.647,,Unknown,1413,1767,2968,4592,,1100,1764,2889,3745,,,,,,,,,,,,,,,,,,,,"334.1(25.647,Unknown)"
186.1,25.7135,,Unknown,1155344,734722,1491494,1752515,,376033,293292,381999,436361,,,,,,,,,,,,,,,,,,,,"186.1(25.7135,Unknown)"
269.1,25.8756,,Unknown,1429,2258,2441,5035,,484,2272,2896,3864,,,,,,,,,,,,,,,,,,,,"269.1(25.8756,Unknown)"
217.1,25.9455,,Unknown,11001,12277,17353,30273,,12803,12486,14714,19015,,,,,,,,,,,,,,,,,,,,"217.1(25.9455,Unknown)"
258.1,26.0011,,Unknown,4113,5312,6487,14703,,26067,28463,35355,33990,,,,,,,,,,,,,,,,,,,,"258.1(26.0011,Unknown)"
342.1,26.1103,,Unknown,8272,5963,5371,12612,,13626,12933,13353,14800,,,,,,,,,,,,,,,,,,,,"342.1(26.1103,Unknown)"
199.1,26.1333,,Unknown,9486,12501,26516,40933,,7843,8382,9829,12011,,,,,,,,,,,,,,,,,,,,"199.1(26.1333,Unknown)"
229,26.1516,,Unknown,599,317,882,4597,,1281,1710,1994,1463,,,,,,,,,,,,,,,,,,,,"229(26.1516,Unknown)"
188.1,26.1666,,Unknown,12215,12380,22651,42529,,8129,10329,15902,17779,,,,,,,,,,,,,,,,,,,,"188.1(26.1666,Unknown)"
157.1,26.2045,,Unknown,9994,10206,15096,23088,,12968,15550,17919,19982,,,,,,,,,,,,,,,,,,,,"157.1(26.2045,Unknown)"
274.1,26.2737,,Unknown,1777,1849,3949,8961,,6775,5730,7913,8988,,,,,,,,,,,,,,,,,,,,"274.1(26.2737,Unknown)"
241.1,26.3266,,Unknown,7357,8637,15377,20871,,7914,10705,16190,19539,,,,,,,,,,,,,,,,,,,,"241.1(26.3266,Unknown)"
159.1,26.4168,,Unknown,13454,14312,17534,36453,,14035,19469,21564,34030,,,,,,,,,,,,,,,,,,,,"159.1(26.4168,Unknown)"
217.1,26.4609,,Unknown,15513,19639,21048,27407,,21674,23696,25231,41537,,,,,,,,,,,,,,,,,,,,"217.1(26.4609,Unknown)"
261.1,26.5409,,Unknown,3688,3106,7163,15034,,7108,10967,12704,18818,,,,,,,,,,,,,,,,,,,,"261.1(26.5409,Unknown)"
188.1,26.6176,,Unknown,11679,30315,43373,70008,,18643,37770,67650,128030,,,,,,,,,,,,,,,,,,,,"188.1(26.6176,Unknown)"
355,26.6664,,Unknown,4867,3387,6155,14214,,8135,8491,9334,7499,,,,,,,,,,,,,,,,,,,,"355(26.6664,Unknown)"
260,26.6793,,Unknown,914,1172,2048,2361,,2271,903,1658,1462,,,,,,,,,,,,,,,,,,,,"260(26.6793,Unknown)"
328.1,26.7173,,Unknown,80401,127530,228651,158440,,43060,84876,71260,119580,,,,,,,,,,,,,,,,,,,,"328.1(26.7173,Unknown)"
217.1,26.7451,,Unknown,18443,20411,33407,46451,,17285,17477,20591,30877,,,,,,,,,,,,,,,,,,,,"217.1(26.7451,Unknown)"
274.1,26.7688,,Unknown,5930,3583,3846,9105,,9822,9417,13465,14326,,,,,,,,,,,,,,,,,,,,"274.1(26.7688,Unknown)"
329,26.836,,Unknown,792,1386,2873,42269,,7278,25800,13660,32509,,,,,,,,,,,,,,,,,,,,"329(26.836,Unknown)"
223.1,26.857,,Unknown,5687,5228,5452,6611,,8172,7148,8616,8180,,,,,,,,,,,,,,,,,,,,"223.1(26.857,Unknown)"
246.1,26.897,,Unknown,1048,1384,3720,4649,,2377,1720,3145,2190,,,,,,,,,,,,,,,,,,,,"246.1(26.897,Unknown)"
174.1,26.9492,,Unknown,109120,111182,159692,193077,,58827,78787,74116,61593,,,,,,,,,,,,,,,,,,,,"174.1(26.9492,Unknown)"
261.1,26.9865,,Unknown,679,1979,3806,9670,,5635,7758,10274,11116,,,,,,,,,,,,,,,,,,,,"261.1(26.9865,Unknown)"
200.1,27.1012,,Unknown,3210,1737,1143,2332,,3020,3790,3556,6053,,,,,,,,,,,,,,,,,,,,"200.1(27.1012,Unknown)"
174.1,27.1825,,Unknown,10065,11651,16139,22488,,22801,28495,34254,37403,,,,,,,,,,,,,,,,,,,,"174.1(27.1825,Unknown)"
244.1,27.2782,,Unknown,3692,3105,5527,11133,,11771,15174,18074,20202,,,,,,,,,,,,,,,,,,,,"244.1(27.2782,Unknown)"
451.1,27.3765,,Unknown,701,1467,2519,4608,,594,1783,4661,5340,,,,,,,,,,,,,,,,,,,,"451.1(27.3765,Unknown)"
257.1,27.3982,,Unknown,1451,1532,1494,5471,,3726,7281,8671,6463,,,,,,,,,,,,,,,,,,,,"257.1(27.3982,Unknown)"
178.1,27.4267,,Unknown,8684,10513,14247,24453,,10041,11786,11737,16000,,,,,,,,,,,,,,,,,,,,"178.1(27.4267,Unknown)"
275.2,27.4776,,Unknown,1482,3988,5839,9283,,2173,4020,5851,4415,,,,,,,,,,,,,,,,,,,,"275.2(27.4776,Unknown)"
234.1,27.5562,,Unknown,46321,55983,86777,147351,,92680,120092,146439,182020,,,,,,,,,,,,,,,,,,,,"234.1(27.5562,Unknown)"
172.1,27.5969,,Unknown,140298,163065,267126,452208,,179008,245120,331563,404762,,,,,,,,,,,,,,,,,,,,"172.1(27.5969,Unknown)"
320.1,27.7522,,Unknown,70190,15447,47403,144122,,44845,35292,52989,56112,,,,,,,,,,,,,,,,,,,,"320.1(27.7522,Unknown)"
290.2,27.8092,,Unknown,66566,41716,73608,140415,,17715,20008,25360,24720,,,,,,,,,,,,,,,,,,,,"290.2(27.8092,Unknown)"
232.1,27.9211,,Unknown,607620,711863,1166565,9837,,1801,2222,4171,4726,,,,,,,,,,,,,,,,,,,,"232.1(27.9211,Unknown)"
174.1,28.0025,,Unknown,6166,5892,8199,9957,,13087,17261,18959,20667,,,,,,,,,,,,,,,,,,,,"174.1(28.0025,Unknown)"
328.2,28.0222,,Unknown,877,387,1928,3747,,1197,1397,1968,1991,,,,,,,,,,,,,,,,,,,,"328.2(28.0222,Unknown)"
322.1,28.0446,,Unknown,473,2028,1424,3670,,724,1081,2124,1798,,,,,,,,,,,,,,,,,,,,"322.1(28.0446,Unknown)"
414.2,28.071,,Unknown,0,0,337,0,,0,765,1124,1655,,,,,,,,,,,,,,,,,,,,"414.2(28.071,Unknown)"
307.1,28.1368,,Unknown,790,1949,3664,14212,,9592,8614,9199,10255,,,,,,,,,,,,,,,,,,,,"307.1(28.1368,Unknown)"
191.1,28.1565,,Unknown,12103,11924,11539,19056,,25455,27838,27905,32913,,,,,,,,,,,,,,,,,,,,"191.1(28.1565,Unknown)"
231,28.2073,,Unknown,1385,1308,1349,12621,,5046,14045,15078,10533,,,,,,,,,,,,,,,,,,,,"231(28.2073,Unknown)"
200.1,28.3002,,Unknown,36924,37268,67996,113575,,17163,23035,28887,29823,,,,,,,,,,,,,,,,,,,,"200.1(28.3002,Unknown)"
273.1,28.3199,,Unknown,3968,3596,8793,17917,,3114,3525,4770,5079,,,,,,,,,,,,,,,,,,,,"273.1(28.3199,Unknown)"
217.1,28.4033,,Unknown,18247,19466,23280,31155,,51852,61574,53350,60283,,,,,,,,,,,,,,,,,,,,"217.1(28.4033,Unknown)"
173.1,28.4603,,Unknown,3801,3619,7664,11425,,4872,7681,8436,10356,,,,,,,,,,,,,,,,,,,,"173.1(28.4603,Unknown)"
172.1,28.5227,,Unknown,8088,10667,14360,17573,,6105,10059,11409,13480,,,,,,,,,,,,,,,,,,,,"172.1(28.5227,Unknown)"
166.1,28.5464,,Unknown,10524,11294,17580,19144,,6451,10445,7993,8777,,,,,,,,,,,,,,,,,,,,"166.1(28.5464,Unknown)"
163.1,28.5912,,Unknown,53511,69247,61023,124687,,159547,174318,172011,186837,,,,,,,,,,,,,,,,,,,,"163.1(28.5912,Unknown)"
260.1,28.6604,,Unknown,5550,3327,10157,22122,,30086,28530,39735,43995,,,,,,,,,,,,,,,,,,,,"260.1(28.6604,Unknown)"
189.1,28.8591,,Unknown,930654,1186641,1077022,2177508,,2745080,3164815,3096028,3326345,,,,,,,,,,,,,,,,,,,,"189.1(28.8591,Unknown)"
205.2,29.0531,,Unknown,6271,9566,9345,13852,,12392,19713,19928,18847,,,,,,,,,,,,,,,,,,,,"205.2(29.0531,Unknown)"
217.1,29.1921,,Unknown,24855,26473,27406,52688,,25084,33933,35167,39148,,,,,,,,,,,,,,,,,,,,"217.1(29.1921,Unknown)"
535,29.2565,,Unknown,637,163,175,1320,,0,181,512,1219,,,,,,,,,,,,,,,,,,,,"535(29.2565,Unknown)"
347.2,29.3746,,Unknown,5845,6458,11124,15353,,682,1327,3454,2931,,,,,,,,,,,,,,,,,,,,"347.2(29.3746,Unknown)"
174.1,29.4261,,Unknown,9507,8565,11588,13760,,13003,14451,15012,21869,,,,,,,,,,,,,,,,,,,,"174.1(29.4261,Unknown)"
187,29.4614,,Unknown,973,2273,2972,12447,,10980,16209,19524,15413,,,,,,,,,,,,,,,,,,,,"187(29.4614,Unknown)"
218.1,29.5278,,Unknown,94614,110327,177884,242343,,273798,293271,319450,253408,,,,,,,,,,,,,,,,,,,,"218.1(29.5278,Unknown)"
292.2,29.5957,,Unknown,15501,18131,29753,46108,,24256,30240,31683,34510,,,,,,,,,,,,,,,,,,,,"292.2(29.5957,Unknown)"
185.1,29.6241,,Unknown,50500,51535,50684,42171,,34252,34426,37163,32392,,,,,,,,,,,,,,,,,,,,"185.1(29.6241,Unknown)"
217.1,29.7584,,Unknown,10223250,10036200,9967915,7972739,,7299810,7118516,7979152,6629400,,,,,,,,,,,,,,,,,,,,"217.1(29.7584,Unknown)"
262.1,29.7632,,Unknown,239935,192724,182445,177660,,160368,157685,176565,146378,,,,,,,,,,,,,,,,,,,,"262.1(29.7632,Unknown)"
205.1,29.7822,,Unknown,1864264,1581312,1675071,1167448,,1014520,904856,1091558,826471,,,,,,,,,,,,,,,,,,,,"205.1(29.7822,Unknown)"
332.1,29.8127,,Unknown,1975,8212,53865,338407,,310505,299249,340949,286785,,,,,,,,,,,,,,,,,,,,"332.1(29.8127,Unknown)"
292.2,29.8378,,Unknown,17519,19189,18654,33855,,14360,15507,17566,18037,,,,,,,,,,,,,,,,,,,,"292.2(29.8378,Unknown)"
271.2,29.8812,,Unknown,106585,100526,100946,78635,,72451,69098,77774,66053,,,,,,,,,,,,,,,,,,,,"271.2(29.8812,Unknown)"
257.1,29.9558,,Unknown,23475,29123,52442,81492,,26928,38050,55793,77370,,,,,,,,,,,,,,,,,,,,"257.1(29.9558,Unknown)"
261.1,30.0161,,Unknown,31018,24950,28782,22605,,15736,20197,22028,19693,,,,,,,,,,,,,,,,,,,,"261.1(30.0161,Unknown)"
429.9,30.0446,,Unknown,1414,0,0,422,,818,1130,151,1127,,,,,,,,,,,,,,,,,,,,"429.9(30.0446,Unknown)"
158.1,30.0853,,Unknown,8166,8237,11732,15767,,11081,17037,19882,20543,,,,,,,,,,,,,,,,,,,,"158.1(30.0853,Unknown)"
218.2,30.1172,,Unknown,28864,27432,38697,58805,,28957,36914,42384,45543,,,,,,,,,,,,,,,,,,,,"218.2(30.1172,Unknown)"
174.1,30.2311,,Unknown,8540,8484,15055,28701,,17199,22598,27725,28999,,,,,,,,,,,,,,,,,,,,"174.1(30.2311,Unknown)"
246.1,30.3492,,Unknown,59308,55350,54886,83008,,26112,32717,28467,31884,,,,,,,,,,,,,,,,,,,,"246.1(30.3492,Unknown)"
205.1,30.4231,,Unknown,758134,694791,667254,466232,,344891,321949,345129,252748,,,,,,,,,,,,,,,,,,,,"205.1(30.4231,Unknown)"
437.3,30.4645,,Unknown,910,4124,8573,362,,361,837,156,2010,,,,,,,,,,,,,,,,,,,,"437.3(30.4645,Unknown)"
317.1,30.5241,,Unknown,5385,2791,5070,6615,,5281,5977,6486,9222,,,,,,,,,,,,,,,,,,,,"317.1(30.5241,Unknown)"
359.1,30.554,,Unknown,82698,88992,223699,140864,,86283,105796,168998,176824,,,,,,,,,,,,,,,,,,,,"359.1(30.554,Unknown)"
159.1,30.6944,,Unknown,8233,6460,11531,12645,,7263,8181,13664,12331,,,,,,,,,,,,,,,,,,,,"159.1(30.6944,Unknown)"
158.1,30.7147,,Unknown,17689,9246,16022,23421,,5416,7241,7013,9394,,,,,,,,,,,,,,,,,,,,"158.1(30.7147,Unknown)"
188.1,30.7459,,Unknown,45826,50397,86808,172962,,30283,48220,65223,85812,,,,,,,,,,,,,,,,,,,,"188.1(30.7459,Unknown)"
432.2,30.79,,Unknown,24852,6983,14490,8590,,2574,3412,3280,3176,,,,,,,,,,,,,,,,,,,,"432.2(30.79,Unknown)"
330.1,30.8124,,Unknown,53273,12743,48667,175437,,35162,46567,58821,63645,,,,,,,,,,,,,,,,,,,,"330.1(30.8124,Unknown)"
257.1,30.9534,,Unknown,26045,33226,57233,99412,,17544,24335,36693,36941,,,,,,,,,,,,,,,,,,,,"257.1(30.9534,Unknown)"
428.2,31.1135,,Unknown,226,1078,3176,4416,,3006,5454,8214,11399,,,,,,,,,,,,,,,,,,,,"428.2(31.1135,Unknown)"
203.1,31.1522,,Unknown,3128,4439,5494,11148,,4910,5692,5316,7762,,,,,,,,,,,,,,,,,,,,"203.1(31.1522,Unknown)"
208.1,31.1976,,Unknown,5537,7531,9499,12861,,7383,8026,11351,11698,,,,,,,,,,,,,,,,,,,,"208.1(31.1976,Unknown)"
217.1,31.2254,,Unknown,54574,90160,108538,165288,,68581,89232,84388,83539,,,,,,,,,,,,,,,,,,,,"217.1(31.2254,Unknown)"
160.1,31.2505,,Unknown,1009,1601,2294,4829,,5628,9629,10959,12821,,,,,,,,,,,,,,,,,,,,"160.1(31.2505,Unknown)"
275.1,31.3468,,Unknown,1248,1918,2531,6024,,8383,12955,16962,16666,,,,,,,,,,,,,,,,,,,,"275.1(31.3468,Unknown)"
245.1,31.418,,Unknown,90052,130104,182989,381288,,43909,66342,99215,96723,,,,,,,,,,,,,,,,,,,,"245.1(31.418,Unknown)"
245.1,31.5374,,Unknown,90052,130104,182989,381288,,43909,66342,99215,96723,,,,,,,,,,,,,,,,,,,,"245.1(31.5374,Unknown)"
263.2,31.5544,,Unknown,322,354,332,2278,,6710,8784,8889,11005,,,,,,,,,,,,,,,,,,,,"263.2(31.5544,Unknown)"
264.1,31.5706,,Unknown,36260,46896,61126,154,,163,766,775,1511,,,,,,,,,,,,,,,,,,,,"264.1(31.5706,Unknown)"
255,31.6249,,Unknown,914,160,391,2514,,2522,1715,1422,2581,,,,,,,,,,,,,,,,,,,,"255(31.6249,Unknown)"
245.1,31.6378,,Unknown,90052,130104,182989,381288,,43909,66342,99215,96723,,,,,,,,,,,,,,,,,,,,"245.1(31.6378,Unknown)"
188.1,31.6873,,Unknown,5042,418817,6849,10060,,7631,11521,11270,11804,,,,,,,,,,,,,,,,,,,,"188.1(31.6873,Unknown)"
301.1,31.8046,,Unknown,5486,5809,8335,17322,,21497,30077,36391,41808,,,,,,,,,,,,,,,,,,,,"301.1(31.8046,Unknown)"
157.1,32.0481,,Unknown,39163,62088,60714,162010,,475356,560936,536499,633803,,,,,,,,,,,,,,,,,,,,"157.1(32.0481,Unknown)"
158.1,32.0515,,Unknown,20236,27652,33278,77867,,159426,190422,190591,225036,,,,,,,,,,,,,,,,,,,,"158.1(32.0515,Unknown)"
189.1,32.0583,,Unknown,165093,226822,271007,708708,,1290018,1536137,1546642,1824722,,,,,,,,,,,,,,,,,,,,"189.1(32.0583,Unknown)"
303.1,32.0997,,Unknown,26395,42068,52812,303697,,203291,260052,261963,291446,,,,,,,,,,,,,,,,,,,,"303.1(32.0997,Unknown)"
362.3,32.1241,,Unknown,1356,2263,2987,7003,,17976,21889,20388,25911,,,,,,,,,,,,,,,,,,,,"362.3(32.1241,Unknown)"
319.2,32.1722,,Unknown,17430,30314,34829,108292,,247165,316765,300610,385667,,,,,,,,,,,,,,,,,,,,"319.2(32.1722,Unknown)"
189.1,32.2387,,Unknown,25101,33195,44654,113054,,481549,659429,587005,1827836,,,,,,,,,,,,,,,,,,,,"189.1(32.2387,Unknown)"
356.1,32.2896,,Unknown,2382,3607,6329,15444,,2650,5219,5099,8654,,,,,,,,,,,,,,,,,,,,"356.1(32.2896,Unknown)"
248.1,32.3872,,Unknown,61173,49439,66536,119042,,229620,268821,249175,330006,,,,,,,,,,,,,,,,,,,,"248.1(32.3872,Unknown)"
303.1,32.5005,,Unknown,44053,52611,72323,148113,,261694,339330,342512,379565,,,,,,,,,,,,,,,,,,,,"303.1(32.5005,Unknown)"
433.2,32.5045,,Unknown,2373,3664,4288,8082,,13255,19352,18638,21157,,,,,,,,,,,,,,,,,,,,"433.2(32.5045,Unknown)"
205.1,32.5283,,Unknown,389553,693961,514292,1514598,,4219300,5531121,4928912,6284614,,,,,,,,,,,,,,,,,,,,"205.1(32.5283,Unknown)"
308.2,32.6755,,Unknown,107931,520,157,6900,,17234,22939,23050,27252,,,,,,,,,,,,,,,,,,,,"308.2(32.6755,Unknown)"
205.2,32.727,,Unknown,1297380,2423939,1642561,4928567,,13588525,13881929,14531780,15432074,,,,,,,,,,,,,,,,,,,,"205.2(32.727,Unknown)"
319.1,32.7589,,Unknown,30089,24298,11721,264551,,892113,1304108,1166576,1439817,,,,,,,,,,,,,,,,,,,,"319.1(32.7589,Unknown)"
233.1,32.7779,,Unknown,15187,23119,17036,46605,,117108,124209,129279,138902,,,,,,,,,,,,,,,,,,,,"233.1(32.7779,Unknown)"
244.1,32.8023,,Unknown,14157,22166,20778,44973,,112814,110649,125469,123997,,,,,,,,,,,,,,,,,,,,"244.1(32.8023,Unknown)"
158.1,32.8559,,Unknown,37890,71580,47974,141786,,396223,409509,425249,455241,,,,,,,,,,,,,,,,,,,,"158.1(32.8559,Unknown)"
330.1,32.9217,,Unknown,10832,18310,10359,39495,,88689,92596,105510,114719,,,,,,,,,,,,,,,,,,,,"330.1(32.9217,Unknown)"
189.1,32.9244,,Unknown,80831,102293,70210,154277,,266687,274954,323606,336995,,,,,,,,,,,,,,,,,,,,"189.1(32.9244,Unknown)"
262.1,32.9549,,Unknown,7846,8020,5479,17480,,29681,32863,37116,38102,,,,,,,,,,,,,,,,,,,,"262.1(32.9549,Unknown)"
273.1,32.9752,,Unknown,24778,43908,34670,50142,,96936,110140,132544,131756,,,,,,,,,,,,,,,,,,,,"273.1(32.9752,Unknown)"
160.1,32.9895,,Unknown,39503,36351,53172,109719,,325658,462614,414286,522320,,,,,,,,,,,,,,,,,,,,"160.1(32.9895,Unknown)"
152,33.0546,,Unknown,710,392,1361,3425,,2673,3354,4520,4690,,,,,,,,,,,,,,,,,,,,"152(33.0546,Unknown)"
174.1,33.058,,Unknown,221111,183993,256277,431779,,434845,624044,778240,864659,,,,,,,,,,,,,,,,,,,,"174.1(33.058,Unknown)"
303.1,33.115,,Unknown,1491,7459,4212,11532,,28635,26199,30757,33351,,,,,,,,,,,,,,,,,,,,"303.1(33.115,Unknown)"
275.1,33.1509,,Unknown,11225,23659,23688,44773,,88194,82102,98010,104376,,,,,,,,,,,,,,,,,,,,"275.1(33.1509,Unknown)"
159.1,33.1712,,Unknown,31068,56329,39840,92507,,245770,243115,277697,291837,,,,,,,,,,,,,,,,,,,,"159.1(33.1712,Unknown)"
205.1,33.2438,,Unknown,373836,663444,442036,1059001,,2692980,2562734,2927188,3239235,,,,,,,,,,,,,,,,,,,,"205.1(33.2438,Unknown)"
307.2,33.2513,,Unknown,38444,68202,44676,108799,,270596,256377,288636,318893,,,,,,,,,,,,,,,,,,,,"307.2(33.2513,Unknown)"
306.1,33.2777,,Unknown,800,3131,1580,6650,,12640,13205,14532,15387,,,,,,,,,,,,,,,,,,,,"306.1(33.2777,Unknown)"
159.1,33.3123,,Unknown,31068,56329,39840,92507,,245770,243115,277697,291837,,,,,,,,,,,,,,,,,,,,"159.1(33.3123,Unknown)"
205.1,33.372,,Unknown,373836,663444,442036,1059001,,2692980,2562734,2927188,3239235,,,,,,,,,,,,,,,,,,,,"205.1(33.372,Unknown)"
408.2,33.4134,,Unknown,2162,1389,1450,1992,,4276,5467,4278,4338,,,,,,,,,,,,,,,,,,,,"408.2(33.4134,Unknown)"
218.1,33.4398,,Unknown,444926,565264,900266,1508882,,871356,1070909,1472225,1444131,,,,,,,,,,,,,,,,,,,,"218.1(33.4398,Unknown)"
389,33.5368,,Unknown,1006,558,367,1583,,4861,1630,2508,2693,,,,,,,,,,,,,,,,,,,,"389(33.5368,Unknown)"
207.1,33.5897,,Unknown,37439,50436,71054,121866,,67412,72066,77540,78999,,,,,,,,,,,,,,,,,,,,"207.1(33.5897,Unknown)"
305.1,33.6392,,Unknown,19068,41688,36858,85274,,27940,43824,28352,30620,,,,,,,,,,,,,,,,,,,,"305.1(33.6392,Unknown)"
173.1,33.7227,,Unknown,11119,13225,16150,25115,,28098,29599,30203,34733,,,,,,,,,,,,,,,,,,,,"173.1(33.7227,Unknown)"
156.1,33.7403,,Unknown,4822,6173,6814,11774,,29050,29070,35584,35351,,,,,,,,,,,,,,,,,,,,"156.1(33.7403,Unknown)"
263,33.7878,,Unknown,761,1118,393,3320,,3314,4881,4820,5063,,,,,,,,,,,,,,,,,,,,"263(33.7878,Unknown)"
158.1,33.821,,Unknown,2991,3639,4711,7394,,9768,12270,16067,15594,,,,,,,,,,,,,,,,,,,,"158.1(33.821,Unknown)"
217.1,33.8502,,Unknown,17659,18852,25294,36248,,36438,39465,39547,55482,,,,,,,,,,,,,,,,,,,,"217.1(33.8502,Unknown)"
204.1,33.9187,,Unknown,27958,15606,18422,30381,,26537,23799,28374,48913,,,,,,,,,,,,,,,,,,,,"204.1(33.9187,Unknown)"
173,33.9648,,Unknown,1837,1526,1230,5873,,6733,7058,8174,12074,,,,,,,,,,,,,,,,,,,,"173(33.9648,Unknown)"
158.1,34.0041,,Unknown,1214,1346,2843,6454,,6742,8316,8047,10508,,,,,,,,,,,,,,,,,,,,"158.1(34.0041,Unknown)"
308.3,34.0909,,Unknown,1333,1732,1682,3203,,5731,5279,6596,6170,,,,,,,,,,,,,,,,,,,,"308.3(34.0909,Unknown)"
187.1,34.2035,,Unknown,17248,18467,40802,86226,,189112,181074,148805,168885,,,,,,,,,,,,,,,,,,,,"187.1(34.2035,Unknown)"
205.1,34.2069,,Unknown,28706,21286,46784,97240,,177399,174868,152523,168897,,,,,,,,,,,,,,,,,,,,"205.1(34.2069,Unknown)"
221.1,34.2157,,Unknown,26888,23114,35983,54774,,42935,44813,48813,70057,,,,,,,,,,,,,,,,,,,,"221.1(34.2157,Unknown)"
297,34.2211,,Unknown,774,385,166,759,,1706,1591,2201,3743,,,,,,,,,,,,,,,,,,,,"297(34.2211,Unknown)"
220.1,34.2632,,Unknown,24254,21189,70816,148254,,6437,11958,10753,16211,,,,,,,,,,,,,,,,,,,,"220.1(34.2632,Unknown)"
204.1,34.2835,,Unknown,66980,61855,190969,425429,,36342,54723,58705,65529,,,,,,,,,,,,,,,,,,,,"204.1(34.2835,Unknown)"
174.2,34.3676,,Unknown,3989,2983,10611,18672,,7705,28554,19471,14592,,,,,,,,,,,,,,,,,,,,"174.2(34.3676,Unknown)"
158.1,34.3853,,Unknown,3889,1637,6652,17555,,6163,8460,9376,11783,,,,,,,,,,,,,,,,,,,,"158.1(34.3853,Unknown)"
291.2,34.4294,,Unknown,1836,2389,4483,9996,,2872,5111,5185,6632,,,,,,,,,,,,,,,,,,,,"291.2(34.4294,Unknown)"
204.1,34.5223,,Unknown,7739,7128,9836,442784,,13610,15946,17208,19737,,,,,,,,,,,,,,,,,,,,"204.1(34.5223,Unknown)"
318.1,34.6111,,Unknown,4407,9281,16825,19571,,18688,22298,26754,28570,,,,,,,,,,,,,,,,,,,,"318.1(34.6111,Unknown)"
293.2,34.6966,,Unknown,8350,6505,7985,12126,,8647,7598,11334,11398,,,,,,,,,,,,,,,,,,,,"293.2(34.6966,Unknown)"
205.1,34.7251,,Unknown,7526,8064,10541,15778,,17422,22261,25358,27342,,,,,,,,,,,,,,,,,,,,"205.1(34.7251,Unknown)"
334.1,34.7522,,Unknown,2234,221,802,2503,,1147,2361,1930,2531,,,,,,,,,,,,,,,,,,,,"334.1(34.7522,Unknown)"
271.3,34.7861,,Unknown,755,879,1363,2757,,2465,4407,4932,6133,,,,,,,,,,,,,,,,,,,,"271.3(34.7861,Unknown)"
449.3,34.82,,Unknown,3487,4647,7031,13553,,2727,4560,6173,4089,,,,,,,,,,,,,,,,,,,,"449.3(34.82,Unknown)"
204.1,34.9251,,Unknown,5152,8229,7460,23927,,50285,73434,69948,87682,,,,,,,,,,,,,,,,,,,,"204.1(34.9251,Unknown)"
393.2,35.0425,,Unknown,199,158,157,906,,2640,4125,3758,3672,,,,,,,,,,,,,,,,,,,,"393.2(35.0425,Unknown)"
446.1,35.1401,,Unknown,0,0,0,1558,,1917,1792,2695,2122,,,,,,,,,,,,,,,,,,,,"446.1(35.1401,Unknown)"
174.1,35.2392,,Unknown,2693,2531,3781,5526,,10060,11225,13480,15268,,,,,,,,,,,,,,,,,,,,"174.1(35.2392,Unknown)"
218.1,35.2846,,Unknown,1419,2317,4949,6773,,7496,9819,10976,13490,,,,,,,,,,,,,,,,,,,,"218.1(35.2846,Unknown)"
292.1,35.3009,,Unknown,2374,2443,4546,13656,,3021,5245,4944,6023,,,,,,,,,,,,,,,,,,,,"292.1(35.3009,Unknown)"
333.1,35.3192,,Unknown,2284,5363,6176,24404,,4546,8609,7882,9945,,,,,,,,,,,,,,,,,,,,"333.1(35.3192,Unknown)"
334.1,35.56,,Unknown,6609,8154,18398,35697,,2242,3521,4433,5751,,,,,,,,,,,,,,,,,,,,"334.1(35.56,Unknown)"
174.1,35.7065,,Unknown,2002,2257,3348,5175,,8080,9775,10074,11159,,,,,,,,,,,,,,,,,,,,"174.1(35.7065,Unknown)"
257.1,35.7831,,Unknown,1901,1595,3347,5704,,2058,2258,3055,3310,,,,,,,,,,,,,,,,,,,,"257.1(35.7831,Unknown)"
259.1,35.9669,,Unknown,11776,9873,26906,60120,,8440,14724,20561,32388,,,,,,,,,,,,,,,,,,,,"259.1(35.9669,Unknown)"
-1,36.0212,,Unknown,-1,-1,-1,-1,,-1,-1,-1,-1,,,,,,,,,,,,,,,,,,,,"-1(36.0212,Unknown)"
204.1,36.1364,,Unknown,128556,201254,231238,359094,,429604,477564,515826,528291,,,,,,,,,,,,,,,,,,,,"204.1(36.1364,Unknown)"
321.2,36.2192,,Unknown,14242,22036,26152,38558,,47194,54240,56241,57239,,,,,,,,,,,,,,,,,,,,"321.2(36.2192,Unknown)"
315.1,36.4342,,Unknown,0,169,527,4037,,3526,3185,3816,5100,,,,,,,,,,,,,,,,,,,,"315.1(36.4342,Unknown)"
285.2,36.5922,,Unknown,172,401,1760,5081,,2744,3181,5580,5442,,,,,,,,,,,,,,,,,,,,"285.2(36.5922,Unknown)"
319.1,36.951,,Unknown,181,170,673,5105,,5596,7028,7198,9544,,,,,,,,,,,,,,,,,,,,"319.1(36.951,Unknown)"
168,36.9747,,Unknown,0,0,0,191,,1606,2025,4299,5026,,,,,,,,,,,,,,,,,,,,"168(36.9747,Unknown)"
168,37.0141,,Unknown,0,0,0,191,,1606,2025,4299,5026,,,,,,,,,,,,,,,,,,,,"168(37.0141,Unknown)"
319.2,37.0643,,Unknown,431,170,992,5105,,5596,7028,7198,9544,,,,,,,,,,,,,,,,,,,,"319.2(37.0643,Unknown)"
354.2,37.0887,,Unknown,1333,2743,4744,8182,,160403,235743,275302,382804,,,,,,,,,,,,,,,,,,,,"354.2(37.0887,Unknown)"
367.2,37.1043,,Unknown,4090,5604,7995,17502,,333568,486892,566134,799845,,,,,,,,,,,,,,,,,,,,"367.2(37.1043,Unknown)"
156.1,37.1972,,Unknown,1971,2376,2236,6608,,36269,60045,65387,92259,,,,,,,,,,,,,,,,,,,,"156.1(37.1972,Unknown)"
389.3,37.324,,Unknown,794,334,1241,3001,,1432,2216,3281,3227,,,,,,,,,,,,,,,,,,,,"389.3(37.324,Unknown)"
174.1,37.3688,,Unknown,332,150,931,2090,,5007,6709,8037,8210,,,,,,,,,,,,,,,,,,,,"174.1(37.3688,Unknown)"
156.2,37.5085,,Unknown,1405,2251,2102,7314,,32260,53547,56207,84835,,,,,,,,,,,,,,,,,,,,"156.2(37.5085,Unknown)"
156.2,37.6258,,Unknown,1405,2251,2102,7314,,32260,53547,56207,84835,,,,,,,,,,,,,,,,,,,,"156.2(37.6258,Unknown)"
205.1,37.6903,,Unknown,3189,3555,4563,8008,,5064,8223,10740,9408,,,,,,,,,,,,,,,,,,,,"205.1(37.6903,Unknown)"
174.2,37.7289,,Unknown,1152,2174,4154,6693,,11881,15899,15996,15265,,,,,,,,,,,,,,,,,,,,"174.2(37.7289,Unknown)"
-1,37.8089,,Unknown,-1,-1,-1,-1,,-1,-1,-1,-1,,,,,,,,,,,,,,,,,,,,"-1(37.8089,Unknown)"
424.2,37.9514,,Unknown,0,201,0,1071,,9777,13877,16290,25961,,,,,,,,,,,,,,,,,,,,"424.2(37.9514,Unknown)"
299.1,37.9717,,Unknown,2223,152,553,1416,,6870,7104,8881,9942,,,,,,,,,,,,,,,,,,,,"299.1(37.9717,Unknown)"
174.1,38.1515,,Unknown,1455,569,1582,3910,,4885,6107,9169,7788,,,,,,,,,,,,,,,,,,,,"174.1(38.1515,Unknown)"
299.3,38.3169,,Unknown,3130,4372,8754,21130,,35692,38713,59016,57051,,,,,,,,,,,,,,,,,,,,"299.3(38.3169,Unknown)"
357.2,38.8134,,Unknown,4716,3115,1967,2764,,3831,4265,3172,3518,,,,,,,,,,,,,,,,,,,,"357.2(38.8134,Unknown)"
219.1,39.0447,,Unknown,1677,3696,2937,5568,,5980,5997,7480,8411,,,,,,,,,,,,,,,,,,,,"219.1(39.0447,Unknown)"
221.1,39.3743,,Unknown,5287,6156,6676,9018,,3729,6025,9679,11800,,,,,,,,,,,,,,,,,,,,"221.1(39.3743,Unknown)"
290,39.4706,,Unknown,423,772,243,4037,,1076,1251,1650,3754,,,,,,,,,,,,,,,,,,,,"290(39.4706,Unknown)"
217.1,39.6368,,Unknown,9786,9181,17688,13278,,16290,20218,21352,18369,,,,,,,,,,,,,,,,,,,,"217.1(39.6368,Unknown)"
387.1,40.001,,Unknown,232,376,820,7807,,8619,14351,13216,16920,,,,,,,,,,,,,,,,,,,,"387.1(40.001,Unknown)"
204.1,40.0328,,Unknown,21353,26507,57858,114872,,20955,27184,33853,41391,,,,,,,,,,,,,,,,,,,,"204.1(40.0328,Unknown)"
315.1,40.157,,Unknown,1636,160,328,4673,,11459,13173,16339,19074,,,,,,,,,,,,,,,,,,,,"315.1(40.157,Unknown)"
217.1,40.4533,,Unknown,11003,12710,13296,17827,,19837,41497,39721,58063,,,,,,,,,,,,,,,,,,,,"217.1(40.4533,Unknown)"
-1,40.8901,,Unknown,-1,-1,-1,-1,,-1,-1,-1,-1,,,,,,,,,,,,,,,,,,,,"-1(40.8901,Unknown)"
217.1,41.0298,,Unknown,16815,23723,30848,57161,,25440,36798,46750,44368,,,,,,,,,,,,,,,,,,,,"217.1(41.0298,Unknown)"
217.1,41.7101,,Unknown,9144,8647,12775,17745,,26909,36595,43415,43603,,,,,,,,,,,,,,,,,,,,"217.1(41.7101,Unknown)"
170.9,41.7779,,Unknown,317,182,153,322,,1421,2122,894,1552,,,,,,,,,,,,,,,,,,,,"170.9(41.7779,Unknown)"
318.1,41.8437,,Unknown,990,2091,3703,12746,,41868,52025,64825,67426,,,,,,,,,,,,,,,,,,,,"318.1(41.8437,Unknown)"
245,42.4019,,Unknown,178,555,1672,8539,,30801,40524,44320,53488,,,,,,,,,,,,,,,,,,,,"245(42.4019,Unknown)"
217.1,42.5389,,Unknown,23916,30516,45636,87047,,356169,538574,557338,697261,,,,,,,,,,,,,,,,,,,,"217.1(42.5389,Unknown)"
299.1,42.5416,,Unknown,883,1738,3611,7319,,29718,44880,44779,53562,,,,,,,,,,,,,,,,,,,,"299.1(42.5416,Unknown)"
217.1,42.6881,,Unknown,23916,30516,45636,87047,,356169,538574,557338,697261,,,,,,,,,,,,,,,,,,,,"217.1(42.6881,Unknown)"
363.2,42.857,,Unknown,3343,5299,6587,12824,,19023,32929,35736,40383,,,,,,,,,,,,,,,,,,,,"363.2(42.857,Unknown)"
363.2,42.9282,,Unknown,3343,5299,6587,12824,,19023,32929,35736,40383,,,,,,,,,,,,,,,,,,,,"363.2(42.9282,Unknown)"
306.1,43.7923,,Unknown,193,892,702,4826,,8239,12972,13366,16167,,,,,,,,,,,,,,,,,,,,"306.1(43.7923,Unknown)"
204.1,43.7977,,Unknown,9629,16267,20011,52607,,89294,139110,138472,171015,,,,,,,,,,,,,,,,,,,,"204.1(43.7977,Unknown)"
167,44.0323,,Unknown,428,540,331,1333,,1384,1222,2081,6073,,,,,,,,,,,,,,,,,,,,"167(44.0323,Unknown)"
230.1,44.3626,,Unknown,1907,2299,178,206,,747,1411,1714,2267,,,,,,,,,,,,,,,,,,,,"230.1(44.3626,Unknown)"
210.1,44.5539,,Unknown,1973,2067,3321,7435,,2885,5584,5369,6236,,,,,,,,,,,,,,,,,,,,"210.1(44.5539,Unknown)"
371.3,44.6143,,Unknown,0,0,597,529,,2919,1497,3365,4080,,,,,,,,,,,,,,,,,,,,"371.3(44.6143,Unknown)"
174.1,44.716,,Unknown,379,323,173,2201,,3542,7185,7754,7997,,,,,,,,,,,,,,,,,,,,"174.1(44.716,Unknown)"
245.1,44.7906,,Unknown,1000,1559,1483,4083,,32823,42136,70798,66846,,,,,,,,,,,,,,,,,,,,"245.1(44.7906,Unknown)"
230.1,44.7947,,Unknown,1907,2145,3436,6911,,61916,79901,134955,126646,,,,,,,,,,,,,,,,,,,,"230.1(44.7947,Unknown)"
361.2,45.0164,,Unknown,633112,3624,3817,676912,,391955,410517,311415,369784,,,,,,,,,,,,,,,,,,,,"361.2(45.0164,Unknown)"
317.2,45.1134,,Unknown,6572,3368,3143,8020,,10381,6704,9396,10072,,,,,,,,,,,,,,,,,,,,"317.2(45.1134,Unknown)"
192.1,45.247,,Unknown,10454,12523,21995,50879,,574348,724683,794596,871876,,,,,,,,,,,,,,,,,,,,"192.1(45.247,Unknown)"
161.2,45.3372,,Unknown,2723,1420,919,4208,,5638,7841,5694,7111,,,,,,,,,,,,,,,,,,,,"161.2(45.3372,Unknown)"
259.1,45.8195,,Unknown,360,212,800,2070,,5284,6176,7322,7597,,,,,,,,,,,,,,,,,,,,"259.1(45.8195,Unknown)"
361.2,46.3939,,Unknown,21450,21152,24946,28038,,12206,21753,25674,27946,,,,,,,,,,,,,,,,,,,,"361.2(46.3939,Unknown)"
299.1,46.7764,,Unknown,169,179,2179,3460,,8834,12426,17166,15830,,,,,,,,,,,,,,,,,,,,"299.1(46.7764,Unknown)"
217.1,46.8856,,Unknown,39511,62592,70900,31452,,15102,16990,22102,22904,,,,,,,,,,,,,,,,,,,,"217.1(46.8856,Unknown)"
362.1,47.0355,,Unknown,1974,4084,3587,26908,,3011,5152,4377,4984,,,,,,,,,,,,,,,,,,,,"362.1(47.0355,Unknown)"
307.2,47.142,,Unknown,362,1587,2384,2175,,1909,2179,2402,4564,,,,,,,,,,,,,,,,,,,,"307.2(47.142,Unknown)"
324.1,47.2268,,Unknown,8199,8757,16806,41581,,394470,393436,374790,268845,,,,,,,,,,,,,,,,,,,,"324.1(47.2268,Unknown)"
324.1,47.2288,,Unknown,8199,8757,16806,41581,,394470,393436,374790,268845,,,,,,,,,,,,,,,,,,,,"324.1(47.2288,Unknown)"
361.1,47.3665,,Unknown,9542,17762,10623,96312,,6942,5349,8366,10138,,,,,,,,,,,,,,,,,,,,"361.1(47.3665,Unknown)"
280.1,47.4547,,Unknown,150,218,780,1708,,10901,12933,11741,11933,,,,,,,,,,,,,,,,,,,,"280.1(47.4547,Unknown)"
259.2,47.5252,,Unknown,163,395,484,1551,,11068,11781,13666,11842,,,,,,,,,,,,,,,,,,,,"259.2(47.5252,Unknown)"
259.1,47.5503,,Unknown,163,395,635,1551,,11068,11781,13666,11842,,,,,,,,,,,,,,,,,,,,"259.1(47.5503,Unknown)"
236,47.7029,,Unknown,441,632,1193,3786,,4098,5000,5160,6164,,,,,,,,,,,,,,,,,,,,"236(47.7029,Unknown)"
315.1,48.0603,,Unknown,0,280,337,1181,,2703,4647,6342,5349,,,,,,,,,,,,,,,,,,,,"315.1(48.0603,Unknown)"
515.3,48.4354,,Unknown,0,0,0,188,,694,398,1962,1996,,,,,,,,,,,,,,,,,,,,"515.3(48.4354,Unknown)"
315.1,48.8437,,Unknown,180,0,181,384,,5469,4925,6672,4019,,,,,,,,,,,,,,,,,,,,"315.1(48.8437,Unknown)"
321,49.9315,,Unknown,0,0,0,176,,7818,12134,11664,11955,,,,,,,,,,,,,,,,,,,,"321(49.9315,Unknown)"
316,49.9498,,Unknown,0,0,0,0,,3987,4918,5255,5082,,,,,,,,,,,,,,,,,,,,"316(49.9498,Unknown)"
382,49.9776,,Unknown,0,0,0,0,,7390,8635,8305,7333,,,,,,,,,,,,,,,,,,,,"382(49.9776,Unknown)"
204.1,52.1568,,Unknown,11192,15955,23777,56619,,16900,27172,26814,39016,,,,,,,,,,,,,,,,,,,,"204.1(52.1568,Unknown)"
361.1,57.784,,Unknown,1714,3345,2820,15425,,1974,5004,6846,8907,,,,,,,,,,,,,,,,,,,,"361.1(57.784,Unknown)"
361.1,58.7939,,Unknown,1114,920,3784,9751,,5786,7359,7242,9476,,,,,,,,,,,,,,,,,,,,"361.1(58.7939,Unknown)"
361.1,58.8163,,Unknown,1114,920,3784,9751,,5786,7359,7242,9476,,,,,,,,,,,,,,,,,,,,"361.1(58.8163,Unknown)"
,,,,,,,,,,,,,,,,,,,,,,,,,,,,,,,,