Hs,Ht,Gst,Gprime_st,D,loc_id,gene,tops
0,0.5,1,1,1,loc06757,grsB_1,1
0,0.5,1,1,1,loc06757,grsB_2,1
0,0.5,1,1,1,loc06757,grsB_3,1
0,0.5,1,1,1,loc06757,grsB,1
0,0.5,1,1,1,loc06757,lgrD_3,1
0,0.5,1,1,1,loc06769,insK_2,1
0,0.5,1,1,1,loc06794,lgrD_2,1
0,0.5,1,1,1,loc06819,lysA_1,1
0,0.5,1,1,1,loc06819,lysA_2,1
0,0.5,1,1,1,loc06824,vgrG1_1,1
0,0.5,1,1,1,loc06830,spo0C,1
0,0.5,1,1,1,loc06830,noc_4,1
0,0.5,1,1,1,loc06838,dltA,1
0,0.5,1,1,1,loc06838,tycC_3,1
0,0.5,1,1,1,loc06838,lgrD_1,1
0,0.5,1,1,1,loc06843,vgrG1_2,1
0,0.5,1,1,1,loc06843,vgrG1,1
0,0.5,1,1,1,loc06844,soj,1
0,0.5,1,1,1,loc06845,cah_2,1
0,0.5,1,1,1,loc06882,xerC_17,1
0,0.5,1,1,1,loc06882,xerC_5,1
0,0.5,1,1,1,loc06887,vdh,1
0,0.5,1,1,1,loc06892,gabR,1
0,0.5,1,1,1,loc06893,aam,1
0,0.5,1,1,1,loc06902,mdtG,1
0,0.5,1,1,1,loc06926,purU_2,1
0,0.5,1,1,1,loc07026,cspA_8,1
0,0.5,1,1,1,loc07040,ybiI,1
0,0.5,1,1,1,loc07086,virB3_2,1
0,0.5,1,1,1,loc07123,dnaE2_1,1
0,0.5,1,1,1,loc07136,vapC_1,1
0,0.5,1,1,1,loc07143,fitB_2,1
0,0.5,1,1,1,loc07153,ros_4,1
0,0.5,1,1,1,loc07161,lrpC_1,1
0,0.5,1,1,1,loc07163,lig_1,1
0,0.5,1,1,1,loc07179,mltF_1,1
0,0.5,1,1,1,loc07180,mltF_3,1
0,0.5,1,1,1,loc07197,sutR_2,1
0,0.5,1,1,1,loc07219,suhB_3,1
0,0.5,1,1,1,loc07224,virB8_3,1
0,0.5,1,1,1,loc07225,virB8_2,1
0,0.5,1,1,1,loc07226,folD_2,1
0,0.5,1,1,1,loc07230,occP_3,1
0,0.5,1,1,1,loc07232,malT_1,1
0,0.5,1,1,1,loc07236,virB9_3,1
0,0.5,1,1,1,loc07240,virB9_2,1
0,0.5,1,1,1,loc07244,avrRpt2,1
0,0.5,1,1,1,loc07247,ku_3,1
0,0.5,1,1,1,loc07253,noc_8,1
0,0.5,1,1,1,loc07261,nopP,1
0,0.5,1,1,1,loc07263,potA_9,1
0,0.5,1,1,1,loc07264,ku_2,1
0,0.5,1,1,1,loc07268,syrM1_3,1
0,0.5,1,1,1,loc07270,ytfF_2,1
0,0.5,1,1,1,loc07275,corA_1,1
0,0.5,1,1,1,loc07277,dinG_2,1
0,0.5,1,1,1,loc07287,noc_6,1
0,0.5,1,1,1,loc07289,cysK_1,1
0,0.5,1,1,1,loc07290,glmS_1,1
0,0.5,1,1,1,loc07292,noc_3,1
0,0.5,1,1,1,loc07294,virB6,1
0,0.5,1,1,1,loc07309,mltF_4,1
0,0.5,1,1,1,loc07311,mltF_2,1
0,0.5,1,1,1,loc07338,gapN,1
0,0.5,1,1,1,loc07339,ltrA,1
0,0.5,1,1,1,loc07365,noc_5,1
0,0.5,1,1,1,loc07367,fcuA,1
0,0.5,1,1,1,loc07372,virB4_4,1
0,0.5,1,1,1,loc07373,virB4_3,1
0.15503875968992242,0.49418604651162784,0.6862745098039217,0.963302752293578,0.8027522935779816,loc06424,gcvA_3,0
0.15503875968992242,0.49418604651162784,0.6862745098039217,0.963302752293578,0.8027522935779816,loc06424,gcvA_11,0
0.15503875968992242,0.49418604651162784,0.6862745098039217,0.963302752293578,0.8027522935779816,loc06424,gcvA_6,0
0.15503875968992242,0.49418604651162784,0.6862745098039217,0.963302752293578,0.8027522935779816,loc06477,scpB_1,0
0.15503875968992242,0.49418604651162784,0.6862745098039217,0.963302752293578,0.8027522935779816,loc06677,phnW_2,0
0.15503875968992242,0.49418604651162784,0.6862745098039217,0.963302752293578,0.8027522935779816,loc06685,ptsJ,0
0.20930232558139533,0.4796511627906977,0.5636363636363637,0.911764705882353,0.6838235294117647,loc05825,acpP_6,0
0.20930232558139533,0.4796511627906977,0.5636363636363637,0.911764705882353,0.6838235294117647,loc05825,acpP_3,0
0.20930232558139533,0.4796511627906977,0.5636363636363637,0.911764705882353,0.6838235294117647,loc05825,acpP_2,0
0.20930232558139533,0.4796511627906977,0.5636363636363637,0.911764705882353,0.6838235294117647,loc05844,groS1_2,0
0.20930232558139533,0.4796511627906977,0.5636363636363637,0.911764705882353,0.6838235294117647,loc05844,groS1_5,0
0.20930232558139533,0.4796511627906977,0.5636363636363637,0.911764705882353,0.6838235294117647,loc05844,groS1_3,0
0.20930232558139533,0.4796511627906977,0.5636363636363637,0.911764705882353,0.6838235294117647,loc05844,groS1_4,0
0.20930232558139533,0.4796511627906977,0.5636363636363637,0.911764705882353,0.6838235294117647,loc05872,lsrG_1,0
0.20930232558139533,0.4796511627906977,0.5636363636363637,0.911764705882353,0.6838235294117647,loc05872,lsrG,0
0.20930232558139533,0.4796511627906977,0.5636363636363637,0.911764705882353,0.6838235294117647,loc05873,pgrR_3,0
0.20930232558139533,0.4796511627906977,0.5636363636363637,0.911764705882353,0.6838235294117647,loc05873,pgrR_4,0
0.20930232558139533,0.4796511627906977,0.5636363636363637,0.911764705882353,0.6838235294117647,loc05873,pgrR_16,0
0.20930232558139533,0.4796511627906977,0.5636363636363637,0.911764705882353,0.6838235294117647,loc05893,cpo_1,0
0.20930232558139533,0.4796511627906977,0.5636363636363637,0.911764705882353,0.6838235294117647,loc05896,purU_1,0
0.20930232558139533,0.4796511627906977,0.5636363636363637,0.911764705882353,0.6838235294117647,loc05925,fni_1,0
0.20930232558139533,0.4796511627906977,0.5636363636363637,0.911764705882353,0.6838235294117647,loc05926,glnT_1,0
0.20930232558139533,0.4796511627906977,0.5636363636363637,0.911764705882353,0.6838235294117647,loc07807,yfhA_3,0
0.20930232558139533,0.4796511627906977,0.5636363636363637,0.911764705882353,0.6838235294117647,loc07873,dpnM,0
0.20930232558139533,0.4796511627906977,0.5636363636363637,0.911764705882353,0.6838235294117647,loc07882,cpdA_2,0
0.20930232558139533,0.4796511627906977,0.5636363636363637,0.911764705882353,0.6838235294117647,loc07894,chaA_1,0
0.20930232558139533,0.4796511627906977,0.5636363636363637,0.911764705882353,0.6838235294117647,loc07915,chaA_2,0
0.20930232558139533,0.4796511627906977,0.5636363636363637,0.911764705882353,0.6838235294117647,loc07925,alr1,0
0.20930232558139533,0.4796511627906977,0.5636363636363637,0.911764705882353,0.6838235294117647,loc07944,prpD,0
0.20930232558139533,0.4796511627906977,0.5636363636363637,0.911764705882353,0.6838235294117647,loc07945,accA1_3,0
0.24806201550387597,0.4573643410852713,0.4576271186440678,0.8350515463917526,0.556701030927835,loc06157,kup_2,0
0.24806201550387597,0.4573643410852713,0.4576271186440678,0.8350515463917526,0.556701030927835,loc06214,rhaS_1,0
0.24806201550387597,0.4573643410852713,0.4576271186440678,0.8350515463917526,0.556701030927835,loc06214,rhaS_4,0
0.24806201550387597,0.4573643410852713,0.4576271186440678,0.8350515463917526,0.556701030927835,loc07196,paiB,0
0.24806201550387597,0.4573643410852713,0.4576271186440678,0.8350515463917526,0.556701030927835,loc07344,gabR_2,0
0.36434108527131776,0.5155038759689922,0.29323308270676696,0.7134146341463415,0.47560975609756095,loc06175,linD,0
0.36434108527131776,0.5155038759689922,0.29323308270676696,0.7134146341463415,0.47560975609756095,loc06182,cspA_2,0
0.36434108527131776,0.5155038759689922,0.29323308270676696,0.7134146341463415,0.47560975609756095,loc06182,cspA_6,0
0.36434108527131776,0.5155038759689922,0.29323308270676696,0.7134146341463415,0.47560975609756095,loc06197,cnbA,0
0.36434108527131776,0.5155038759689922,0.29323308270676696,0.7134146341463415,0.47560975609756095,loc06197,nbzA,0
0.36434108527131776,0.5155038759689922,0.29323308270676696,0.7134146341463415,0.47560975609756095,loc06207,mhqA_1,0
0.36434108527131776,0.5155038759689922,0.29323308270676696,0.7134146341463415,0.47560975609756095,loc06217,tfdF,0
0.36434108527131776,0.5155038759689922,0.29323308270676696,0.7134146341463415,0.47560975609756095,loc06334,yfcG_1,0
0.36434108527131776,0.5155038759689922,0.29323308270676696,0.7134146341463415,0.47560975609756095,loc06335,pnpB,0
0.36434108527131776,0.5155038759689922,0.29323308270676696,0.7134146341463415,0.47560975609756095,loc06350,kynA,0
0.36434108527131776,0.5155038759689922,0.29323308270676696,0.7134146341463415,0.47560975609756095,loc06376,sasA_1,0
0.36434108527131776,0.5155038759689922,0.29323308270676696,0.7134146341463415,0.47560975609756095,loc06864,aaeA_2,0
0.36434108527131776,0.5155038759689922,0.29323308270676696,0.7134146341463415,0.47560975609756095,loc06864,yiaV,0
0.36434108527131776,0.5155038759689922,0.29323308270676696,0.7134146341463415,0.47560975609756095,loc06865,dmlR_15,0
0.36434108527131776,0.5155038759689922,0.29323308270676696,0.7134146341463415,0.47560975609756095,loc06885,abfA_1,0
0.36434108527131776,0.5155038759689922,0.29323308270676696,0.7134146341463415,0.47560975609756095,loc06885,abfA_2,0
0.36434108527131776,0.5155038759689922,0.29323308270676696,0.7134146341463415,0.47560975609756095,loc06895,xylB_8,0
0.36434108527131776,0.5155038759689922,0.29323308270676696,0.7134146341463415,0.47560975609756095,loc06895,xylB_1,0
0.36434108527131776,0.5155038759689922,0.29323308270676696,0.7134146341463415,0.47560975609756095,loc07052,yiaW,0
0.36434108527131776,0.5155038759689922,0.29323308270676696,0.7134146341463415,0.47560975609756095,loc07181,slyA_1,0
0.36434108527131776,0.5155038759689922,0.29323308270676696,0.7134146341463415,0.47560975609756095,loc07207,ycaC_2,0
0.36434108527131776,0.5155038759689922,0.29323308270676696,0.7134146341463415,0.47560975609756095,loc07258,ycjO_3,0
0.36434108527131776,0.5155038759689922,0.29323308270676696,0.7134146341463415,0.47560975609756095,loc07303,ugpC_6,0
0.36434108527131776,0.5155038759689922,0.29323308270676696,0.7134146341463415,0.47560975609756095,loc07341,calB,0
0.36434108527131776,0.5155038759689922,0.29323308270676696,0.7134146341463415,0.47560975609756095,loc07360,uvrD,0
0.27906976744186046,0.38953488372093026,0.28358208955223885,0.6129032258064518,0.3064516129032259,loc05742,ydaD_1,0
0.27906976744186046,0.38953488372093026,0.28358208955223885,0.6129032258064518,0.3064516129032259,loc05749,chaA_3,0
0.27906976744186046,0.38953488372093026,0.28358208955223885,0.6129032258064518,0.3064516129032259,loc05753,nanT_1,0
0.27906976744186046,0.38953488372093026,0.28358208955223885,0.6129032258064518,0.3064516129032259,loc05754,yhaJ,0
0.27906976744186046,0.38953488372093026,0.28358208955223885,0.6129032258064518,0.3064516129032259,loc05812,xerC_15,0
0.27906976744186046,0.38953488372093026,0.28358208955223885,0.6129032258064518,0.3064516129032259,loc05819,xerD_2,0
0.27906976744186046,0.38953488372093026,0.28358208955223885,0.6129032258064518,0.3064516129032259,loc05819,xerC_1,0
0.27906976744186046,0.38953488372093026,0.28358208955223885,0.6129032258064518,0.3064516129032259,loc05832,kdsD_1,0
0.27906976744186046,0.38953488372093026,0.28358208955223885,0.6129032258064518,0.3064516129032259,loc05832,kdsD_2,0
0.27906976744186046,0.38953488372093026,0.28358208955223885,0.6129032258064518,0.3064516129032259,loc05833,panB_1,0
0.27906976744186046,0.38953488372093026,0.28358208955223885,0.6129032258064518,0.3064516129032259,loc05880,opuAA_3,0
0.27906976744186046,0.38953488372093026,0.28358208955223885,0.6129032258064518,0.3064516129032259,loc05881,cdhR_4,0
0.27906976744186046,0.38953488372093026,0.28358208955223885,0.6129032258064518,0.3064516129032259,loc05881,cdhR_5,0
0.27906976744186046,0.38953488372093026,0.28358208955223885,0.6129032258064518,0.3064516129032259,loc06082,gcvT_2,0
0.27906976744186046,0.38953488372093026,0.28358208955223885,0.6129032258064518,0.3064516129032259,loc07462,dltA_3,0
0.27906976744186046,0.38953488372093026,0.28358208955223885,0.6129032258064518,0.3064516129032259,loc07462,dltA_2,0
0.27906976744186046,0.38953488372093026,0.28358208955223885,0.6129032258064518,0.3064516129032259,loc07462,rutD,0
0.27906976744186046,0.38953488372093026,0.28358208955223885,0.6129032258064518,0.3064516129032259,loc07468,fdhL_1,0
0.27906976744186046,0.38953488372093026,0.28358208955223885,0.6129032258064518,0.3064516129032259,loc07468,betA_3,0
0.27906976744186046,0.38953488372093026,0.28358208955223885,0.6129032258064518,0.3064516129032259,loc07469,cpdA_4,0
0.27906976744186046,0.38953488372093026,0.28358208955223885,0.6129032258064518,0.3064516129032259,loc07469,cpdA_5,0
0.27906976744186046,0.38953488372093026,0.28358208955223885,0.6129032258064518,0.3064516129032259,loc07502,bepA_4,0
0.27906976744186046,0.38953488372093026,0.28358208955223885,0.6129032258064518,0.3064516129032259,loc07528,kpsM_2,0
0.27906976744186046,0.38953488372093026,0.28358208955223885,0.6129032258064518,0.3064516129032259,loc07528,kpsM_1,0
0.27906976744186046,0.38953488372093026,0.28358208955223885,0.6129032258064518,0.3064516129032259,loc07531,recD2_4,0
0.27906976744186046,0.38953488372093026,0.28358208955223885,0.6129032258064518,0.3064516129032259,loc07531,mobA_2,0
0.27906976744186046,0.38953488372093026,0.28358208955223885,0.6129032258064518,0.3064516129032259,loc07704,dinB_3,0
0.27906976744186046,0.38953488372093026,0.28358208955223885,0.6129032258064518,0.3064516129032259,loc07782,dinB_4,0
0.27906976744186046,0.38953488372093026,0.28358208955223885,0.6129032258064518,0.3064516129032259,loc07836,griI,0
0.27906976744186046,0.38953488372093026,0.28358208955223885,0.6129032258064518,0.3064516129032259,loc07840,neuA,0
0.27906976744186046,0.38953488372093026,0.28358208955223885,0.6129032258064518,0.3064516129032259,loc07891,thyX,0
0.27906976744186046,0.38953488372093026,0.28358208955223885,0.6129032258064518,0.3064516129032259,loc07911,legI,0
0.27906976744186046,0.38953488372093026,0.28358208955223885,0.6129032258064518,0.3064516129032259,loc07917,siaA,0
0.27906976744186046,0.38953488372093026,0.28358208955223885,0.6129032258064518,0.3064516129032259,loc07921,resA_3,0
0.27906976744186046,0.38953488372093026,0.28358208955223885,0.6129032258064518,0.3064516129032259,loc07922,ligD_5,0
0.27906976744186046,0.38953488372093026,0.28358208955223885,0.6129032258064518,0.3064516129032259,loc07927,aroB,0
0.27906976744186046,0.38953488372093026,0.28358208955223885,0.6129032258064518,0.3064516129032259,loc07943,hpaH,0
0.27906976744186046,0.38953488372093026,0.28358208955223885,0.6129032258064518,0.3064516129032259,loc07952,dadD,0
0.27906976744186046,0.38953488372093026,0.28358208955223885,0.6129032258064518,0.3064516129032259,loc07962,menE_3,0
0.27906976744186046,0.38953488372093026,0.28358208955223885,0.6129032258064518,0.3064516129032259,loc08036,glnA_3,0
0.27906976744186046,0.38953488372093026,0.28358208955223885,0.6129032258064518,0.3064516129032259,loc08036,glnA_1,0
0.27906976744186046,0.38953488372093026,0.28358208955223885,0.6129032258064518,0.3064516129032259,loc08621,lexA_1,0
0.27906976744186046,0.38953488372093026,0.28358208955223885,0.6129032258064518,0.3064516129032259,loc08683,gdhI,0
0.27906976744186046,0.38953488372093026,0.28358208955223885,0.6129032258064518,0.3064516129032259,loc08747,hbpA_4,0
0.27906976744186046,0.38953488372093026,0.28358208955223885,0.6129032258064518,0.3064516129032259,loc08753,traC_2,0
0.27906976744186046,0.38953488372093026,0.28358208955223885,0.6129032258064518,0.3064516129032259,loc08829,xerC_13,0
0.27906976744186046,0.38953488372093026,0.28358208955223885,0.6129032258064518,0.3064516129032259,loc08831,hipA_2,0
0.27906976744186046,0.38953488372093026,0.28358208955223885,0.6129032258064518,0.3064516129032259,loc08888,recF_3,0
0.4573643410852713,0.5203488372093023,0.12104283054003716,0.397959183673469,0.2321428571428569,loc06386,ligD_2,0
0.4573643410852713,0.5203488372093023,0.12104283054003716,0.397959183673469,0.2321428571428569,loc06386,lig_2,0
0.4573643410852713,0.5203488372093023,0.12104283054003716,0.397959183673469,0.2321428571428569,loc06399,nusG_2,0
0.4573643410852713,0.5203488372093023,0.12104283054003716,0.397959183673469,0.2321428571428569,loc06399,nusG_3,0
0.4573643410852713,0.5203488372093023,0.12104283054003716,0.397959183673469,0.2321428571428569,loc06399,nusG_4,0
0.4573643410852713,0.5203488372093023,0.12104283054003716,0.397959183673469,0.2321428571428569,loc06415,bepA_6,0
0.4573643410852713,0.5203488372093023,0.12104283054003716,0.397959183673469,0.2321428571428569,loc06415,bepA_2,0
0.4573643410852713,0.5203488372093023,0.12104283054003716,0.397959183673469,0.2321428571428569,loc06418,cckA_1,0
0.4573643410852713,0.5203488372093023,0.12104283054003716,0.397959183673469,0.2321428571428569,loc06445,resA_6,0
0.4573643410852713,0.5203488372093023,0.12104283054003716,0.397959183673469,0.2321428571428569,loc06471,gsiA_10,0
0.4573643410852713,0.5203488372093023,0.12104283054003716,0.397959183673469,0.2321428571428569,loc06471,gsiA_8,0
0.4573643410852713,0.5203488372093023,0.12104283054003716,0.397959183673469,0.2321428571428569,loc06473,acuI_2,0
0.4573643410852713,0.5203488372093023,0.12104283054003716,0.397959183673469,0.2321428571428569,loc06473,acuI_1,0
0.4573643410852713,0.5203488372093023,0.12104283054003716,0.397959183673469,0.2321428571428569,loc06473,acuI,0
0.4573643410852713,0.5203488372093023,0.12104283054003716,0.397959183673469,0.2321428571428569,loc06478,xerC_6,0
0.4573643410852713,0.5203488372093023,0.12104283054003716,0.397959183673469,0.2321428571428569,loc06502,xerC_11,0
0.4573643410852713,0.5203488372093023,0.12104283054003716,0.397959183673469,0.2321428571428569,loc06509,dauA_1,0
0.4573643410852713,0.5203488372093023,0.12104283054003716,0.397959183673469,0.2321428571428569,loc06668,xerD_1,0
0.4573643410852713,0.5203488372093023,0.12104283054003716,0.397959183673469,0.2321428571428569,loc06676,pla,0
0.24806201550387597,0.2906976744186048,0.14666666666666706,0.3402061855670111,0.11340206185567044,loc05718,glnQ_11,0
0.24806201550387597,0.2906976744186048,0.14666666666666706,0.3402061855670111,0.11340206185567044,loc05718,glnQ_10,0
0.24806201550387597,0.2906976744186048,0.14666666666666706,0.3402061855670111,0.11340206185567044,loc07985,xerC_8,0
0.24806201550387597,0.2906976744186048,0.14666666666666706,0.3402061855670111,0.11340206185567044,loc07985,xerC_12,0
0.24806201550387597,0.2906976744186048,0.14666666666666706,0.3402061855670111,0.11340206185567044,loc08013,acpP_4,0
0.24806201550387597,0.2906976744186048,0.14666666666666706,0.3402061855670111,0.11340206185567044,loc08028,doeA_2,0
0.24806201550387597,0.2906976744186048,0.14666666666666706,0.3402061855670111,0.11340206185567044,loc08028,doeA_1,0
0.24806201550387597,0.2906976744186048,0.14666666666666706,0.3402061855670111,0.11340206185567044,loc08035,argE_1,0
0.24806201550387597,0.2906976744186048,0.14666666666666706,0.3402061855670111,0.11340206185567044,loc08035,dapE_3,0
0.24806201550387597,0.2906976744186048,0.14666666666666706,0.3402061855670111,0.11340206185567044,loc08038,gsiB_1,0
0.24806201550387597,0.2906976744186048,0.14666666666666706,0.3402061855670111,0.11340206185567044,loc08052,dltA_1,0
0.24806201550387597,0.2906976744186048,0.14666666666666706,0.3402061855670111,0.11340206185567044,loc08061,asd,0
0.24806201550387597,0.2906976744186048,0.14666666666666706,0.3402061855670111,0.11340206185567044,loc08063,denD_2,0
0.24806201550387597,0.2906976744186048,0.14666666666666706,0.3402061855670111,0.11340206185567044,loc08063,denD_1,0
0.24806201550387597,0.2906976744186048,0.14666666666666706,0.3402061855670111,0.11340206185567044,loc08074,dapE_1,0
0.24806201550387597,0.2906976744186048,0.14666666666666706,0.3402061855670111,0.11340206185567044,loc08077,lcdH_2,0
0.24806201550387597,0.2906976744186048,0.14666666666666706,0.3402061855670111,0.11340206185567044,loc08077,lcdH_1,0
0.24806201550387597,0.2906976744186048,0.14666666666666706,0.3402061855670111,0.11340206185567044,loc08080,dadA1_4,0
0.24806201550387597,0.2906976744186048,0.14666666666666706,0.3402061855670111,0.11340206185567044,loc08080,dadA_1,0
0.24806201550387597,0.2906976744186048,0.14666666666666706,0.3402061855670111,0.11340206185567044,loc08081,carB_4,0
0.24806201550387597,0.2906976744186048,0.14666666666666706,0.3402061855670111,0.11340206185567044,loc08081,carB_2,0
0.24806201550387597,0.2906976744186048,0.14666666666666706,0.3402061855670111,0.11340206185567044,loc08084,spuC_2,0
0.24806201550387597,0.2906976744186048,0.14666666666666706,0.3402061855670111,0.11340206185567044,loc08084,spuC_1,0
0.24806201550387597,0.2906976744186048,0.14666666666666706,0.3402061855670111,0.11340206185567044,loc08087,rssB_1,0
0.24806201550387597,0.2906976744186048,0.14666666666666706,0.3402061855670111,0.11340206185567044,loc08087,arlR,0
0.24806201550387597,0.2906976744186048,0.14666666666666706,0.3402061855670111,0.11340206185567044,loc08097,nosZ_2,0
0.24806201550387597,0.2906976744186048,0.14666666666666706,0.3402061855670111,0.11340206185567044,loc08097,nosZ_1,0
0.24806201550387597,0.2906976744186048,0.14666666666666706,0.3402061855670111,0.11340206185567044,loc08097,nosZ,0
0.24806201550387597,0.2906976744186048,0.14666666666666706,0.3402061855670111,0.11340206185567044,loc08314,traM_1,0
0.24806201550387597,0.2906976744186048,0.14666666666666706,0.3402061855670111,0.11340206185567044,loc08372,kbl_2,0
0.24806201550387597,0.2906976744186048,0.14666666666666706,0.3402061855670111,0.11340206185567044,loc08408,higA1,0
0.24806201550387597,0.2906976744186048,0.14666666666666706,0.3402061855670111,0.11340206185567044,loc08429,fixT_3,0
0.24806201550387597,0.2906976744186048,0.14666666666666706,0.3402061855670111,0.11340206185567044,loc08430,hcnA,0
0.24806201550387597,0.2906976744186048,0.14666666666666706,0.3402061855670111,0.11340206185567044,loc08468,bdhA_1,0
0.24806201550387597,0.2906976744186048,0.14666666666666706,0.3402061855670111,0.11340206185567044,loc08476,ectC,0
0.24806201550387597,0.2906976744186048,0.14666666666666706,0.3402061855670111,0.11340206185567044,loc08484,cpdR_3,0
0.24806201550387597,0.2906976744186048,0.14666666666666706,0.3402061855670111,0.11340206185567044,loc08555,rfaH,0
0.24806201550387597,0.2906976744186048,0.14666666666666706,0.3402061855670111,0.11340206185567044,loc08569,hmp_1,0
0.24806201550387597,0.2906976744186048,0.14666666666666706,0.3402061855670111,0.11340206185567044,loc08581,kbl_3,0
0.24806201550387597,0.2906976744186048,0.14666666666666706,0.3402061855670111,0.11340206185567044,loc08591,racX,0
0.24806201550387597,0.2906976744186048,0.14666666666666706,0.3402061855670111,0.11340206185567044,loc08594,betB_6,0
0.24806201550387597,0.2906976744186048,0.14666666666666706,0.3402061855670111,0.11340206185567044,loc08607,rnhA_1,0
0.24806201550387597,0.2906976744186048,0.14666666666666706,0.3402061855670111,0.11340206185567044,loc08638,ytfE,0
0.24806201550387597,0.2906976744186048,0.14666666666666706,0.3402061855670111,0.11340206185567044,loc08655,traR_1,0
0.24806201550387597,0.2906976744186048,0.14666666666666706,0.3402061855670111,0.11340206185567044,loc08673,ygeA_2,0
0.24806201550387597,0.2906976744186048,0.14666666666666706,0.3402061855670111,0.11340206185567044,loc08674,puuD_2,0
0.24806201550387597,0.2906976744186048,0.14666666666666706,0.3402061855670111,0.11340206185567044,loc08678,anoR,0
0.24806201550387597,0.2906976744186048,0.14666666666666706,0.3402061855670111,0.11340206185567044,loc08690,mboIIM,0
0.24806201550387597,0.2906976744186048,0.14666666666666706,0.3402061855670111,0.11340206185567044,loc08695,argT_3,0
0.24806201550387597,0.2906976744186048,0.14666666666666706,0.3402061855670111,0.11340206185567044,loc08696,hisJ_1,0
0.24806201550387597,0.2906976744186048,0.14666666666666706,0.3402061855670111,0.11340206185567044,loc08697,argT_2,0
0.24806201550387597,0.2906976744186048,0.14666666666666706,0.3402061855670111,0.11340206185567044,loc08698,murU_1,0
0.24806201550387597,0.2906976744186048,0.14666666666666706,0.3402061855670111,0.11340206185567044,loc08699,ssuC_6,0
0.24806201550387597,0.2906976744186048,0.14666666666666706,0.3402061855670111,0.11340206185567044,loc08702,occP_2,0
0.24806201550387597,0.2906976744186048,0.14666666666666706,0.3402061855670111,0.11340206185567044,loc08703,fabG_5,0
0.24806201550387597,0.2906976744186048,0.14666666666666706,0.3402061855670111,0.11340206185567044,loc08715,ssuC_5,0
0.24806201550387597,0.2906976744186048,0.14666666666666706,0.3402061855670111,0.11340206185567044,loc08719,nosY,0
0.24806201550387597,0.2906976744186048,0.14666666666666706,0.3402061855670111,0.11340206185567044,loc08724,araQ_2,0
0.24806201550387597,0.2906976744186048,0.14666666666666706,0.3402061855670111,0.11340206185567044,loc08725,ssuB_3,0
0.24806201550387597,0.2906976744186048,0.14666666666666706,0.3402061855670111,0.11340206185567044,loc08736,yofA_2,0
0.24806201550387597,0.2906976744186048,0.14666666666666706,0.3402061855670111,0.11340206185567044,loc08737,atsK,0
0.24806201550387597,0.2906976744186048,0.14666666666666706,0.3402061855670111,0.11340206185567044,loc08739,pphA_3,0
0.24806201550387597,0.2906976744186048,0.14666666666666706,0.3402061855670111,0.11340206185567044,loc08752,nosF,0
0.24806201550387597,0.2906976744186048,0.14666666666666706,0.3402061855670111,0.11340206185567044,loc08758,pgl_1,0
0.24806201550387597,0.2906976744186048,0.14666666666666706,0.3402061855670111,0.11340206185567044,loc08759,ugpA_2,0
0.24806201550387597,0.2906976744186048,0.14666666666666706,0.3402061855670111,0.11340206185567044,loc08763,leuO,0
0.24806201550387597,0.2906976744186048,0.14666666666666706,0.3402061855670111,0.11340206185567044,loc08768,tdcB_1,0
0.24806201550387597,0.2906976744186048,0.14666666666666706,0.3402061855670111,0.11340206185567044,loc08769,ddpF_1,0
0.24806201550387597,0.2906976744186048,0.14666666666666706,0.3402061855670111,0.11340206185567044,loc08772,pphA_2,0
0.24806201550387597,0.2906976744186048,0.14666666666666706,0.3402061855670111,0.11340206185567044,loc08774,apbE,0
0.24806201550387597,0.2906976744186048,0.14666666666666706,0.3402061855670111,0.11340206185567044,loc08779,oppD_3,0
0.24806201550387597,0.2906976744186048,0.14666666666666706,0.3402061855670111,0.11340206185567044,loc08790,lysN_2,0
0.24806201550387597,0.2906976744186048,0.14666666666666706,0.3402061855670111,0.11340206185567044,loc08792,resA_2,0
0.24806201550387597,0.2906976744186048,0.14666666666666706,0.3402061855670111,0.11340206185567044,loc08793,vanC,0
0.24806201550387597,0.2906976744186048,0.14666666666666706,0.3402061855670111,0.11340206185567044,loc08804,ugpC_8,0
0.24806201550387597,0.2906976744186048,0.14666666666666706,0.3402061855670111,0.11340206185567044,loc08805,phaA_2,0
0.24806201550387597,0.2906976744186048,0.14666666666666706,0.3402061855670111,0.11340206185567044,loc08810,dadA1_3,0
0.24806201550387597,0.2906976744186048,0.14666666666666706,0.3402061855670111,0.11340206185567044,loc08813,carB_3,0
0.24806201550387597,0.2906976744186048,0.14666666666666706,0.3402061855670111,0.11340206185567044,loc08817,aatB_1,0
0.24806201550387597,0.2906976744186048,0.14666666666666706,0.3402061855670111,0.11340206185567044,loc08820,xerC_9,0
0.24806201550387597,0.2906976744186048,0.14666666666666706,0.3402061855670111,0.11340206185567044,loc08824,ugpB_2,0
0.24806201550387597,0.2906976744186048,0.14666666666666706,0.3402061855670111,0.11340206185567044,loc08825,ectB,0
0.24806201550387597,0.2906976744186048,0.14666666666666706,0.3402061855670111,0.11340206185567044,loc08835,nosD,0
0.24806201550387597,0.2906976744186048,0.14666666666666706,0.3402061855670111,0.11340206185567044,loc08837,penM,0
0.24806201550387597,0.2906976744186048,0.14666666666666706,0.3402061855670111,0.11340206185567044,loc08852,hcnB_2,0
0.24806201550387597,0.2906976744186048,0.14666666666666706,0.3402061855670111,0.11340206185567044,loc08869,rhlB,0
0.24806201550387597,0.2906976744186048,0.14666666666666706,0.3402061855670111,0.11340206185567044,loc08870,rep_2,0
0.24806201550387597,0.2906976744186048,0.14666666666666706,0.3402061855670111,0.11340206185567044,loc08895,recD2_3,0
0.24806201550387597,0.2906976744186048,0.14666666666666706,0.3402061855670111,0.11340206185567044,loc08897,gltB_2,0
0.4341085271317829,0.4670542635658913,0.07053941908713672,0.23287671232876644,0.11643835616438317,loc07834,nusG_1,0
0.20930232558139533,0.2296511627906977,0.0886075949367089,0.20588235294117657,0.05147058823529413,loc05606,macA_2,0
0.20930232558139533,0.2296511627906977,0.0886075949367089,0.20588235294117657,0.05147058823529413,loc05606,macA_1,0
0.20930232558139533,0.2296511627906977,0.0886075949367089,0.20588235294117657,0.05147058823529413,loc05608,rfuC_2,0
0.20930232558139533,0.2296511627906977,0.0886075949367089,0.20588235294117657,0.05147058823529413,loc05653,rutB_1,0
0.20930232558139533,0.2296511627906977,0.0886075949367089,0.20588235294117657,0.05147058823529413,loc05654,lolD_1,0
0.20930232558139533,0.2296511627906977,0.0886075949367089,0.20588235294117657,0.05147058823529413,loc05655,yfiR,0
0.20930232558139533,0.2296511627906977,0.0886075949367089,0.20588235294117657,0.05147058823529413,loc05664,bacC_2,0
0.20930232558139533,0.2296511627906977,0.0886075949367089,0.20588235294117657,0.05147058823529413,loc05679,rihA_2,0
0.20930232558139533,0.2296511627906977,0.0886075949367089,0.20588235294117657,0.05147058823529413,loc05686,rihA_3,0
0.20930232558139533,0.2296511627906977,0.0886075949367089,0.20588235294117657,0.05147058823529413,loc05697,lolE_1,0
0.20930232558139533,0.2296511627906977,0.0886075949367089,0.20588235294117657,0.05147058823529413,loc05702,mglA_3,0
0.20930232558139533,0.2296511627906977,0.0886075949367089,0.20588235294117657,0.05147058823529413,loc05704,apc3_1,0
0.20930232558139533,0.2296511627906977,0.0886075949367089,0.20588235294117657,0.05147058823529413,loc08995,hin_1,0
0.20930232558139533,0.2296511627906977,0.0886075949367089,0.20588235294117657,0.05147058823529413,loc09037,ypdF,0
0.20930232558139533,0.2296511627906977,0.0886075949367089,0.20588235294117657,0.05147058823529413,loc09253,yclN,0
0.20930232558139533,0.2296511627906977,0.0886075949367089,0.20588235294117657,0.05147058823529413,loc09563,ala,0
0.20930232558139533,0.2296511627906977,0.0886075949367089,0.20588235294117657,0.05147058823529413,loc09690,rfaH_1,0
0.20930232558139533,0.2296511627906977,0.0886075949367089,0.20588235294117657,0.05147058823529413,loc09703,panD,0
0.20930232558139533,0.2296511627906977,0.0886075949367089,0.20588235294117657,0.05147058823529413,loc09706,yqaA,0
0.20930232558139533,0.2296511627906977,0.0886075949367089,0.20588235294117657,0.05147058823529413,loc09771,dapH_3,0
0.20930232558139533,0.2296511627906977,0.0886075949367089,0.20588235294117657,0.05147058823529413,loc09780,rnhA_2,0
0.20930232558139533,0.2296511627906977,0.0886075949367089,0.20588235294117657,0.05147058823529413,loc09842,rfaH_2,0
0.20930232558139533,0.2296511627906977,0.0886075949367089,0.20588235294117657,0.05147058823529413,loc09850,catD_1,0
0.20930232558139533,0.2296511627906977,0.0886075949367089,0.20588235294117657,0.05147058823529413,loc09899,btuC_1,0
0.20930232558139533,0.2296511627906977,0.0886075949367089,0.20588235294117657,0.05147058823529413,loc09944,yclP,0
0.20930232558139533,0.2296511627906977,0.0886075949367089,0.20588235294117657,0.05147058823529413,loc09980,maiA_1,0
0.20930232558139533,0.2296511627906977,0.0886075949367089,0.20588235294117657,0.05147058823529413,loc10051,yclQ,0
0.20930232558139533,0.2296511627906977,0.0886075949367089,0.20588235294117657,0.05147058823529413,loc10074,yclO,0
0.20930232558139533,0.2296511627906977,0.0886075949367089,0.20588235294117657,0.05147058823529413,loc10124,ssuD,0
0.20930232558139533,0.2296511627906977,0.0886075949367089,0.20588235294117657,0.05147058823529413,loc10132,ligD_3,0
0.20930232558139533,0.2296511627906977,0.0886075949367089,0.20588235294117657,0.05147058823529413,loc10152,xerC_7,0
0.20930232558139533,0.2296511627906977,0.0886075949367089,0.20588235294117657,0.05147058823529413,loc10159,vanA,0
0.20930232558139533,0.2296511627906977,0.0886075949367089,0.20588235294117657,0.05147058823529413,loc10165,btuD_8,0
0.20930232558139533,0.2296511627906977,0.0886075949367089,0.20588235294117657,0.05147058823529413,loc10168,btuD_7,0
0.20930232558139533,0.2296511627906977,0.0886075949367089,0.20588235294117657,0.05147058823529413,loc10180,dnaN_3,0
0.20930232558139533,0.2296511627906977,0.0886075949367089,0.20588235294117657,0.05147058823529413,loc10206,scmP_2,0
0.20930232558139533,0.2296511627906977,0.0886075949367089,0.20588235294117657,0.05147058823529413,loc10213,scmP_3,0
0.20930232558139533,0.2296511627906977,0.0886075949367089,0.20588235294117657,0.05147058823529413,loc10240,ddl,0
0.20930232558139533,0.2296511627906977,0.0886075949367089,0.20588235294117657,0.05147058823529413,loc10241,carB_1,0
0.20930232558139533,0.2296511627906977,0.0886075949367089,0.20588235294117657,0.05147058823529413,loc10280,intS,0
0.20930232558139533,0.2296511627906977,0.0886075949367089,0.20588235294117657,0.05147058823529413,loc10324,groL1_2,0
0.20930232558139533,0.2296511627906977,0.0886075949367089,0.20588235294117657,0.05147058823529413,loc10349,entS_1,0
0.20930232558139533,0.2296511627906977,0.0886075949367089,0.20588235294117657,0.05147058823529413,loc10419,tycC,0
0.15503875968992242,0.16085271317829447,0.03614457831325275,0.08256880733944898,0.01376146788990814,loc05554,hbpA_1,0
0.15503875968992242,0.16085271317829447,0.03614457831325275,0.08256880733944898,0.01376146788990814,loc05554,ddpA_1,0
0.15503875968992242,0.16085271317829447,0.03614457831325275,0.08256880733944898,0.01376146788990814,loc05554,hbpA_5,0
0.15503875968992242,0.16085271317829447,0.03614457831325275,0.08256880733944898,0.01376146788990814,loc05569,golD_2,0
0.15503875968992242,0.16085271317829447,0.03614457831325275,0.08256880733944898,0.01376146788990814,loc05569,golD,0
0.15503875968992242,0.16085271317829447,0.03614457831325275,0.08256880733944898,0.01376146788990814,loc05572,ald_3,0
0.15503875968992242,0.16085271317829447,0.03614457831325275,0.08256880733944898,0.01376146788990814,loc05572,ald_2,0
0.15503875968992242,0.16085271317829447,0.03614457831325275,0.08256880733944898,0.01376146788990814,loc05575,glnH_5,0
0.15503875968992242,0.16085271317829447,0.03614457831325275,0.08256880733944898,0.01376146788990814,loc05575,glnH_4,0
0.15503875968992242,0.16085271317829447,0.03614457831325275,0.08256880733944898,0.01376146788990814,loc05578,emrA_2,0
0.15503875968992242,0.16085271317829447,0.03614457831325275,0.08256880733944898,0.01376146788990814,loc05578,emrA_1,0
0.15503875968992242,0.16085271317829447,0.03614457831325275,0.08256880733944898,0.01376146788990814,loc05580,frcC_3,0
0.15503875968992242,0.16085271317829447,0.03614457831325275,0.08256880733944898,0.01376146788990814,loc05580,frcC_2,0
0.15503875968992242,0.16085271317829447,0.03614457831325275,0.08256880733944898,0.01376146788990814,loc05580,frcC_1,0
0.15503875968992242,0.16085271317829447,0.03614457831325275,0.08256880733944898,0.01376146788990814,loc05582,emrB_1,0
0.15503875968992242,0.16085271317829447,0.03614457831325275,0.08256880733944898,0.01376146788990814,loc05588,abgB_1,0
0.15503875968992242,0.16085271317829447,0.03614457831325275,0.08256880733944898,0.01376146788990814,loc05589,aruI_1,0
0.15503875968992242,0.16085271317829447,0.03614457831325275,0.08256880733944898,0.01376146788990814,loc05592,btuD_12,0
0.15503875968992242,0.16085271317829447,0.03614457831325275,0.08256880733944898,0.01376146788990814,loc05592,frcA_2,0
0.15503875968992242,0.16085271317829447,0.03614457831325275,0.08256880733944898,0.01376146788990814,loc05592,frcA_3,0
0.15503875968992242,0.16085271317829447,0.03614457831325275,0.08256880733944898,0.01376146788990814,loc05593,aspC_2,0
0.15503875968992242,0.16085271317829447,0.03614457831325275,0.08256880733944898,0.01376146788990814,loc05593,aspC_1,0
0.15503875968992242,0.16085271317829447,0.03614457831325275,0.08256880733944898,0.01376146788990814,loc05600,clsB,0
0.15503875968992242,0.16085271317829447,0.03614457831325275,0.08256880733944898,0.01376146788990814,loc05603,lacG_2,0
0.15503875968992242,0.16085271317829447,0.03614457831325275,0.08256880733944898,0.01376146788990814,loc05610,RBKS_1,0
0.15503875968992242,0.16085271317829447,0.03614457831325275,0.08256880733944898,0.01376146788990814,loc05610,RBKS,0
0.15503875968992242,0.16085271317829447,0.03614457831325275,0.08256880733944898,0.01376146788990814,loc05615,xerC_3,0
0.15503875968992242,0.16085271317829447,0.03614457831325275,0.08256880733944898,0.01376146788990814,loc05637,rutC_2,0
0.15503875968992242,0.16085271317829447,0.03614457831325275,0.08256880733944898,0.01376146788990814,loc05638,tdiR_2,0
0.15503875968992242,0.16085271317829447,0.03614457831325275,0.08256880733944898,0.01376146788990814,loc05640,tdiR_1,0
0.15503875968992242,0.16085271317829447,0.03614457831325275,0.08256880733944898,0.01376146788990814,loc05647,gstB_1,0
0.15503875968992242,0.16085271317829447,0.03614457831325275,0.08256880733944898,0.01376146788990814,loc05652,todT_2,0
0.15503875968992242,0.16085271317829447,0.03614457831325275,0.08256880733944898,0.01376146788990814,loc05656,tmoT_2,0
0.15503875968992242,0.16085271317829447,0.03614457831325275,0.08256880733944898,0.01376146788990814,loc05657,bacC_4,0
0.15503875968992242,0.16085271317829447,0.03614457831325275,0.08256880733944898,0.01376146788990814,loc05658,fucA,0
0.15503875968992242,0.16085271317829447,0.03614457831325275,0.08256880733944898,0.01376146788990814,loc05662,glnQ_7,0
0.15503875968992242,0.16085271317829447,0.03614457831325275,0.08256880733944898,0.01376146788990814,loc05665,glnH_3,0
0.15503875968992242,0.16085271317829447,0.03614457831325275,0.08256880733944898,0.01376146788990814,loc05666,ngcG_1,0
0.15503875968992242,0.16085271317829447,0.03614457831325275,0.08256880733944898,0.01376146788990814,loc05669,ydcV_4,0
0.15503875968992242,0.16085271317829447,0.03614457831325275,0.08256880733944898,0.01376146788990814,loc05670,rpiR,0
0.15503875968992242,0.16085271317829447,0.03614457831325275,0.08256880733944898,0.01376146788990814,loc05672,tcyB_2,0
0.15503875968992242,0.16085271317829447,0.03614457831325275,0.08256880733944898,0.01376146788990814,loc05674,ngcF,0
0.15503875968992242,0.16085271317829447,0.03614457831325275,0.08256880733944898,0.01376146788990814,loc05675,pgdA_2,0
0.15503875968992242,0.16085271317829447,0.03614457831325275,0.08256880733944898,0.01376146788990814,loc05681,ydjH_2,0
0.15503875968992242,0.16085271317829447,0.03614457831325275,0.08256880733944898,0.01376146788990814,loc05684,cpo_3,0
0.15503875968992242,0.16085271317829447,0.03614457831325275,0.08256880733944898,0.01376146788990814,loc05687,frcB_1,0
0.15503875968992242,0.16085271317829447,0.03614457831325275,0.08256880733944898,0.01376146788990814,loc05688,nanK_2,0
0.15503875968992242,0.16085271317829447,0.03614457831325275,0.08256880733944898,0.01376146788990814,loc05690,malK_5,0
0.15503875968992242,0.16085271317829447,0.03614457831325275,0.08256880733944898,0.01376146788990814,loc05691,potA_5,0
0.15503875968992242,0.16085271317829447,0.03614457831325275,0.08256880733944898,0.01376146788990814,loc05693,potD_2,0
0.15503875968992242,0.16085271317829447,0.03614457831325275,0.08256880733944898,0.01376146788990814,loc05694,allC_2,0
0.15503875968992242,0.16085271317829447,0.03614457831325275,0.08256880733944898,0.01376146788990814,loc05695,allC_1,0
0.15503875968992242,0.16085271317829447,0.03614457831325275,0.08256880733944898,0.01376146788990814,loc05696,sgaA,0
0.15503875968992242,0.16085271317829447,0.03614457831325275,0.08256880733944898,0.01376146788990814,loc05700,hyuA_2,0
0.15503875968992242,0.16085271317829447,0.03614457831325275,0.08256880733944898,0.01376146788990814,loc05703,sasA_3,0
0.15503875968992242,0.16085271317829447,0.03614457831325275,0.08256880733944898,0.01376146788990814,loc08931,icd,0
0.15503875968992242,0.16085271317829447,0.03614457831325275,0.08256880733944898,0.01376146788990814,loc08943,virD4_2,0
0.15503875968992242,0.16085271317829447,0.03614457831325275,0.08256880733944898,0.01376146788990814,loc09242,gluD_2,0
0.15503875968992242,0.16085271317829447,0.03614457831325275,0.08256880733944898,0.01376146788990814,loc09403,oppF_2,0
0.15503875968992242,0.16085271317829447,0.03614457831325275,0.08256880733944898,0.01376146788990814,loc09409,higA2,0
0.15503875968992242,0.16085271317829447,0.03614457831325275,0.08256880733944898,0.01376146788990814,loc09437,ligD_4,0
0.15503875968992242,0.16085271317829447,0.03614457831325275,0.08256880733944898,0.01376146788990814,loc09440,yiaW_2,0
0.15503875968992242,0.16085271317829447,0.03614457831325275,0.08256880733944898,0.01376146788990814,loc09446,betB_7,0
0.15503875968992242,0.16085271317829447,0.03614457831325275,0.08256880733944898,0.01376146788990814,loc09448,hpatpa,0
0.15503875968992242,0.16085271317829447,0.03614457831325275,0.08256880733944898,0.01376146788990814,loc09457,asd_1,0
0.15503875968992242,0.16085271317829447,0.03614457831325275,0.08256880733944898,0.01376146788990814,loc09463,traC_3,0
0.15503875968992242,0.16085271317829447,0.03614457831325275,0.08256880733944898,0.01376146788990814,loc09502,tdiR,0
0.15503875968992242,0.16085271317829447,0.03614457831325275,0.08256880733944898,0.01376146788990814,loc09517,acr1,0
0.15503875968992242,0.16085271317829447,0.03614457831325275,0.08256880733944898,0.01376146788990814,loc09592,nocT,0
0.15503875968992242,0.16085271317829447,0.03614457831325275,0.08256880733944898,0.01376146788990814,loc09598,vsr,0
0.15503875968992242,0.16085271317829447,0.03614457831325275,0.08256880733944898,0.01376146788990814,loc09643,decR_5,0
0.15503875968992242,0.16085271317829447,0.03614457831325275,0.08256880733944898,0.01376146788990814,loc09673,yccF,0
0.15503875968992242,0.16085271317829447,0.03614457831325275,0.08256880733944898,0.01376146788990814,loc09712,kamA_3,0
0.15503875968992242,0.16085271317829447,0.03614457831325275,0.08256880733944898,0.01376146788990814,loc09749,hin_2,0
0.15503875968992242,0.16085271317829447,0.03614457831325275,0.08256880733944898,0.01376146788990814,loc09757,cynR_1,0
0.15503875968992242,0.16085271317829447,0.03614457831325275,0.08256880733944898,0.01376146788990814,loc09778,polC,0
0.15503875968992242,0.16085271317829447,0.03614457831325275,0.08256880733944898,0.01376146788990814,loc09782,fdhB1,0
0.15503875968992242,0.16085271317829447,0.03614457831325275,0.08256880733944898,0.01376146788990814,loc09786,kamA_2,0
0.15503875968992242,0.16085271317829447,0.03614457831325275,0.08256880733944898,0.01376146788990814,loc09821,scoB_1,0
0.15503875968992242,0.16085271317829447,0.03614457831325275,0.08256880733944898,0.01376146788990814,loc09826,tmoT,0
0.15503875968992242,0.16085271317829447,0.03614457831325275,0.08256880733944898,0.01376146788990814,loc09841,asd2_2,0
0.15503875968992242,0.16085271317829447,0.03614457831325275,0.08256880733944898,0.01376146788990814,loc09851,scoB_2,0
0.15503875968992242,0.16085271317829447,0.03614457831325275,0.08256880733944898,0.01376146788990814,loc09858,doeA_5,0
0.15503875968992242,0.16085271317829447,0.03614457831325275,0.08256880733944898,0.01376146788990814,loc09859,occM,0
0.15503875968992242,0.16085271317829447,0.03614457831325275,0.08256880733944898,0.01376146788990814,loc09865,ectB_1,0
0.15503875968992242,0.16085271317829447,0.03614457831325275,0.08256880733944898,0.01376146788990814,loc09870,torD,0
0.15503875968992242,0.16085271317829447,0.03614457831325275,0.08256880733944898,0.01376146788990814,loc09883,tupB,0
0.15503875968992242,0.16085271317829447,0.03614457831325275,0.08256880733944898,0.01376146788990814,loc09885,atoD,0
0.15503875968992242,0.16085271317829447,0.03614457831325275,0.08256880733944898,0.01376146788990814,loc09889,nicS_3,0
0.15503875968992242,0.16085271317829447,0.03614457831325275,0.08256880733944898,0.01376146788990814,loc09890,scoA,0
0.15503875968992242,0.16085271317829447,0.03614457831325275,0.08256880733944898,0.01376146788990814,loc09908,xerC_2,0
0.15503875968992242,0.16085271317829447,0.03614457831325275,0.08256880733944898,0.01376146788990814,loc09913,tupC,0
0.15503875968992242,0.16085271317829447,0.03614457831325275,0.08256880733944898,0.01376146788990814,loc09937,maiA_2,0
0.15503875968992242,0.16085271317829447,0.03614457831325275,0.08256880733944898,0.01376146788990814,loc09945,phnY_1,0
0.15503875968992242,0.16085271317829447,0.03614457831325275,0.08256880733944898,0.01376146788990814,loc09947,gluD_1,0
0.15503875968992242,0.16085271317829447,0.03614457831325275,0.08256880733944898,0.01376146788990814,loc09948,dapH_1,0
0.15503875968992242,0.16085271317829447,0.03614457831325275,0.08256880733944898,0.01376146788990814,loc09976,phnV_2,0
0.15503875968992242,0.16085271317829447,0.03614457831325275,0.08256880733944898,0.01376146788990814,loc09987,udh_2,0
0.15503875968992242,0.16085271317829447,0.03614457831325275,0.08256880733944898,0.01376146788990814,loc09993,cpo_2,0
0.15503875968992242,0.16085271317829447,0.03614457831325275,0.08256880733944898,0.01376146788990814,loc09995,tupA,0
0.15503875968992242,0.16085271317829447,0.03614457831325275,0.08256880733944898,0.01376146788990814,loc09998,dasC_6,0
0.15503875968992242,0.16085271317829447,0.03614457831325275,0.08256880733944898,0.01376146788990814,loc10012,proB_1,0
0.15503875968992242,0.16085271317829447,0.03614457831325275,0.08256880733944898,0.01376146788990814,loc10016,ddpC_7,0
0.15503875968992242,0.16085271317829447,0.03614457831325275,0.08256880733944898,0.01376146788990814,loc10021,ctaC_3,0
0.15503875968992242,0.16085271317829447,0.03614457831325275,0.08256880733944898,0.01376146788990814,loc10022,atsK_2,0
0.15503875968992242,0.16085271317829447,0.03614457831325275,0.08256880733944898,0.01376146788990814,loc10024,potB_5,0
0.15503875968992242,0.16085271317829447,0.03614457831325275,0.08256880733944898,0.01376146788990814,loc10025,glnQ_8,0
0.15503875968992242,0.16085271317829447,0.03614457831325275,0.08256880733944898,0.01376146788990814,loc10027,fdhD_2,0
0.15503875968992242,0.16085271317829447,0.03614457831325275,0.08256880733944898,0.01376146788990814,loc10045,traC_4,0
0.15503875968992242,0.16085271317829447,0.03614457831325275,0.08256880733944898,0.01376146788990814,loc10048,yjhH,0
0.15503875968992242,0.16085271317829447,0.03614457831325275,0.08256880733944898,0.01376146788990814,loc10053,occR_2,0
0.15503875968992242,0.16085271317829447,0.03614457831325275,0.08256880733944898,0.01376146788990814,loc10075,gsiC_2,0
0.15503875968992242,0.16085271317829447,0.03614457831325275,0.08256880733944898,0.01376146788990814,loc10077,argP,0
0.15503875968992242,0.16085271317829447,0.03614457831325275,0.08256880733944898,0.01376146788990814,loc10080,gsiC_6,0
0.15503875968992242,0.16085271317829447,0.03614457831325275,0.08256880733944898,0.01376146788990814,loc10090,dppD_1,0
0.15503875968992242,0.16085271317829447,0.03614457831325275,0.08256880733944898,0.01376146788990814,loc10105,ddl_4,0
0.15503875968992242,0.16085271317829447,0.03614457831325275,0.08256880733944898,0.01376146788990814,loc10123,oppD_5,0
0.15503875968992242,0.16085271317829447,0.03614457831325275,0.08256880733944898,0.01376146788990814,loc10131,xerC_14,0
0.15503875968992242,0.16085271317829447,0.03614457831325275,0.08256880733944898,0.01376146788990814,loc10135,btuD_15,0
0.15503875968992242,0.16085271317829447,0.03614457831325275,0.08256880733944898,0.01376146788990814,loc10138,hcnB_3,0
0.15503875968992242,0.16085271317829447,0.03614457831325275,0.08256880733944898,0.01376146788990814,loc10139,bioA,0
0.15503875968992242,0.16085271317829447,0.03614457831325275,0.08256880733944898,0.01376146788990814,loc10149,btuD_16,0
0.15503875968992242,0.16085271317829447,0.03614457831325275,0.08256880733944898,0.01376146788990814,loc10151,hutI_1,0
0.15503875968992242,0.16085271317829447,0.03614457831325275,0.08256880733944898,0.01376146788990814,loc10161,iolG_11,0
0.15503875968992242,0.16085271317829447,0.03614457831325275,0.08256880733944898,0.01376146788990814,loc10169,fadA_3,0
0.15503875968992242,0.16085271317829447,0.03614457831325275,0.08256880733944898,0.01376146788990814,loc10178,tfdD,0
0.15503875968992242,0.16085271317829447,0.03614457831325275,0.08256880733944898,0.01376146788990814,loc10179,btuD_14,0
0.15503875968992242,0.16085271317829447,0.03614457831325275,0.08256880733944898,0.01376146788990814,loc10181,btuD_28,0
0.15503875968992242,0.16085271317829447,0.03614457831325275,0.08256880733944898,0.01376146788990814,loc10194,hcnC_2,0
0.15503875968992242,0.16085271317829447,0.03614457831325275,0.08256880733944898,0.01376146788990814,loc10198,doeA_4,0
0.15503875968992242,0.16085271317829447,0.03614457831325275,0.08256880733944898,0.01376146788990814,loc10208,dgoD_2,0
0.15503875968992242,0.16085271317829447,0.03614457831325275,0.08256880733944898,0.01376146788990814,loc10209,doeA_3,0
0.15503875968992242,0.16085271317829447,0.03614457831325275,0.08256880733944898,0.01376146788990814,loc10211,scmP_4,0
0.15503875968992242,0.16085271317829447,0.03614457831325275,0.08256880733944898,0.01376146788990814,loc10214,fadA_4,0
0.15503875968992242,0.16085271317829447,0.03614457831325275,0.08256880733944898,0.01376146788990814,loc10215,metC_2,0
0.15503875968992242,0.16085271317829447,0.03614457831325275,0.08256880733944898,0.01376146788990814,loc10234,purD_2,0
0.15503875968992242,0.16085271317829447,0.03614457831325275,0.08256880733944898,0.01376146788990814,loc10235,intA,0
0.15503875968992242,0.16085271317829447,0.03614457831325275,0.08256880733944898,0.01376146788990814,loc10239,ddl_2,0
0.15503875968992242,0.16085271317829447,0.03614457831325275,0.08256880733944898,0.01376146788990814,loc10248,xerC_4,0
0.15503875968992242,0.16085271317829447,0.03614457831325275,0.08256880733944898,0.01376146788990814,loc10250,yfdE_1,0
0.15503875968992242,0.16085271317829447,0.03614457831325275,0.08256880733944898,0.01376146788990814,loc10251,entS_4,0
0.15503875968992242,0.16085271317829447,0.03614457831325275,0.08256880733944898,0.01376146788990814,loc10253,phnA_1,0
0.15503875968992242,0.16085271317829447,0.03614457831325275,0.08256880733944898,0.01376146788990814,loc10256,cpdA_3,0
0.15503875968992242,0.16085271317829447,0.03614457831325275,0.08256880733944898,0.01376146788990814,loc10257,ylmB_2,0
0.15503875968992242,0.16085271317829447,0.03614457831325275,0.08256880733944898,0.01376146788990814,loc10260,dadA1_1,0
0.15503875968992242,0.16085271317829447,0.03614457831325275,0.08256880733944898,0.01376146788990814,loc10263,glpT,0
0.15503875968992242,0.16085271317829447,0.03614457831325275,0.08256880733944898,0.01376146788990814,loc10264,eltP_2,0
0.15503875968992242,0.16085271317829447,0.03614457831325275,0.08256880733944898,0.01376146788990814,loc10268,bspRIM,0
0.15503875968992242,0.16085271317829447,0.03614457831325275,0.08256880733944898,0.01376146788990814,loc10276,dctD_1,0
0.15503875968992242,0.16085271317829447,0.03614457831325275,0.08256880733944898,0.01376146788990814,loc10291,spuC_3,0
0.15503875968992242,0.16085271317829447,0.03614457831325275,0.08256880733944898,0.01376146788990814,loc10292,safD,0
0.15503875968992242,0.16085271317829447,0.03614457831325275,0.08256880733944898,0.01376146788990814,loc10295,gdhA,0
0.15503875968992242,0.16085271317829447,0.03614457831325275,0.08256880733944898,0.01376146788990814,loc10296,otsA_1,0
0.15503875968992242,0.16085271317829447,0.03614457831325275,0.08256880733944898,0.01376146788990814,loc10303,nylA_2,0
0.15503875968992242,0.16085271317829447,0.03614457831325275,0.08256880733944898,0.01376146788990814,loc10314,recB,0
0.15503875968992242,0.16085271317829447,0.03614457831325275,0.08256880733944898,0.01376146788990814,loc10315,hutH_2,0
0.15503875968992242,0.16085271317829447,0.03614457831325275,0.08256880733944898,0.01376146788990814,loc10319,gsiB,0
0.15503875968992242,0.16085271317829447,0.03614457831325275,0.08256880733944898,0.01376146788990814,loc10320,aroE_4,0
0.15503875968992242,0.16085271317829447,0.03614457831325275,0.08256880733944898,0.01376146788990814,loc10341,apc4_1,0
0.15503875968992242,0.16085271317829447,0.03614457831325275,0.08256880733944898,0.01376146788990814,loc10342,alsS,0
0.15503875968992242,0.16085271317829447,0.03614457831325275,0.08256880733944898,0.01376146788990814,loc10347,entS_3,0
0.15503875968992242,0.16085271317829447,0.03614457831325275,0.08256880733944898,0.01376146788990814,loc10351,gsiA_14,0
0.15503875968992242,0.16085271317829447,0.03614457831325275,0.08256880733944898,0.01376146788990814,loc10355,cysNC_3,0
0.15503875968992242,0.16085271317829447,0.03614457831325275,0.08256880733944898,0.01376146788990814,loc10367,dctB_1,0
0.15503875968992242,0.16085271317829447,0.03614457831325275,0.08256880733944898,0.01376146788990814,loc10375,gsiA_1,0
0.15503875968992242,0.16085271317829447,0.03614457831325275,0.08256880733944898,0.01376146788990814,loc10378,ctaD_2,0
0.15503875968992242,0.16085271317829447,0.03614457831325275,0.08256880733944898,0.01376146788990814,loc10386,rsxB,0
0.15503875968992242,0.16085271317829447,0.03614457831325275,0.08256880733944898,0.01376146788990814,loc10396,sasA_6,0
0.15503875968992242,0.16085271317829447,0.03614457831325275,0.08256880733944898,0.01376146788990814,loc10412,napA_2,0
0.4883720930232558,0.4941860465116279,0.01176470588235296,0.04545454545454553,0.02272727272727276,loc06119,mltF,0
0.4883720930232558,0.4941860465116279,0.01176470588235296,0.04545454545454553,0.02272727272727276,loc06119,mltF_6,0
0.4883720930232558,0.4941860465116279,0.01176470588235296,0.04545454545454553,0.02272727272727276,loc06120,virB8_1,0
0.4883720930232558,0.4941860465116279,0.01176470588235296,0.04545454545454553,0.02272727272727276,loc06120,virB8_4,0
0.4883720930232558,0.4941860465116279,0.01176470588235296,0.04545454545454553,0.02272727272727276,loc06124,virB4_1,0
0.4883720930232558,0.4941860465116279,0.01176470588235296,0.04545454545454553,0.02272727272727276,loc06124,virB4_5,0
0.4883720930232558,0.4941860465116279,0.01176470588235296,0.04545454545454553,0.02272727272727276,loc06126,virB9_1,0
0.4883720930232558,0.4941860465116279,0.01176470588235296,0.04545454545454553,0.02272727272727276,loc06126,virB9_4,0
0.4883720930232558,0.4941860465116279,0.01176470588235296,0.04545454545454553,0.02272727272727276,loc06158,polS_2,0
0.4883720930232558,0.4941860465116279,0.01176470588235296,0.04545454545454553,0.02272727272727276,loc06158,baiA,0
0.4883720930232558,0.4941860465116279,0.01176470588235296,0.04545454545454553,0.02272727272727276,loc06159,ssb,0
0.4883720930232558,0.4941860465116279,0.01176470588235296,0.04545454545454553,0.02272727272727276,loc06165,aatB_2,0
0.4883720930232558,0.4941860465116279,0.01176470588235296,0.04545454545454553,0.02272727272727276,loc06167,mltF_5,0
0.4883720930232558,0.4941860465116279,0.01176470588235296,0.04545454545454553,0.02272727272727276,loc06168,gci_3,0
0.4883720930232558,0.4941860465116279,0.01176470588235296,0.04545454545454553,0.02272727272727276,loc06168,gci_4,0
0.4883720930232558,0.4941860465116279,0.01176470588235296,0.04545454545454553,0.02272727272727276,loc06168,dgoD_1,0
0.4883720930232558,0.4941860465116279,0.01176470588235296,0.04545454545454553,0.02272727272727276,loc06171,sasA_11,0
0.4883720930232558,0.4941860465116279,0.01176470588235296,0.04545454545454553,0.02272727272727276,loc06174,yecS_4,0
0.4883720930232558,0.4941860465116279,0.01176470588235296,0.04545454545454553,0.02272727272727276,loc06181,yliI_2,0
0.4883720930232558,0.4941860465116279,0.01176470588235296,0.04545454545454553,0.02272727272727276,loc06181,yliI_1,0
0.4883720930232558,0.4941860465116279,0.01176470588235296,0.04545454545454553,0.02272727272727276,loc06187,cobC,0
0.4883720930232558,0.4941860465116279,0.01176470588235296,0.04545454545454553,0.02272727272727276,loc06187,gpmB,0
0.4883720930232558,0.4941860465116279,0.01176470588235296,0.04545454545454553,0.02272727272727276,loc06187,ugpC_16,0
0.4883720930232558,0.4941860465116279,0.01176470588235296,0.04545454545454553,0.02272727272727276,loc06193,rutB_3,0
0.4883720930232558,0.4941860465116279,0.01176470588235296,0.04545454545454553,0.02272727272727276,loc06199,fixL_2,0
0.4883720930232558,0.4941860465116279,0.01176470588235296,0.04545454545454553,0.02272727272727276,loc06199,sasA_12,0
0.4883720930232558,0.4941860465116279,0.01176470588235296,0.04545454545454553,0.02272727272727276,loc06211,yecS_3,0
0.4883720930232558,0.4941860465116279,0.01176470588235296,0.04545454545454553,0.02272727272727276,loc06211,yecS_5,0
0.4883720930232558,0.4941860465116279,0.01176470588235296,0.04545454545454553,0.02272727272727276,loc06213,occQ,0
0.4883720930232558,0.4941860465116279,0.01176470588235296,0.04545454545454553,0.02272727272727276,loc06284,ybaA_1,0
0.4883720930232558,0.4941860465116279,0.01176470588235296,0.04545454545454553,0.02272727272727276,loc06300,aroE_1,0
0.4883720930232558,0.4941860465116279,0.01176470588235296,0.04545454545454553,0.02272727272727276,loc06313,todT_3,0
0.4883720930232558,0.4941860465116279,0.01176470588235296,0.04545454545454553,0.02272727272727276,loc06316,tmoT_3,0
0.4883720930232558,0.4941860465116279,0.01176470588235296,0.04545454545454553,0.02272727272727276,loc06322,COQ3_1,0
0.4883720930232558,0.4941860465116279,0.01176470588235296,0.04545454545454553,0.02272727272727276,loc06337,rhtC_2,0
0.4883720930232558,0.4941860465116279,0.01176470588235296,0.04545454545454553,0.02272727272727276,loc06340,pgrR_8,0
0.4883720930232558,0.4941860465116279,0.01176470588235296,0.04545454545454553,0.02272727272727276,loc06343,occM_1,0
0.4883720930232558,0.4941860465116279,0.01176470588235296,0.04545454545454553,0.02272727272727276,loc06345,lutR_9,0
0.4883720930232558,0.4941860465116279,0.01176470588235296,0.04545454545454553,0.02272727272727276,loc06346,glnQ_6,0
0.4883720930232558,0.4941860465116279,0.01176470588235296,0.04545454545454553,0.02272727272727276,loc06352,occT,0
0.4883720930232558,0.4941860465116279,0.01176470588235296,0.04545454545454553,0.02272727272727276,loc06353,glnH_2,0
0.4883720930232558,0.4941860465116279,0.01176470588235296,0.04545454545454553,0.02272727272727276,loc06355,occR,0
0.4883720930232558,0.4941860465116279,0.01176470588235296,0.04545454545454553,0.02272727272727276,loc06358,galE_3,0
0.4883720930232558,0.4941860465116279,0.01176470588235296,0.04545454545454553,0.02272727272727276,loc06361,dnaN_1,0
0.4883720930232558,0.4941860465116279,0.01176470588235296,0.04545454545454553,0.02272727272727276,loc06363,hcnC,0
0.4883720930232558,0.4941860465116279,0.01176470588235296,0.04545454545454553,0.02272727272727276,loc06369,aldHT_3,0
0.4883720930232558,0.4941860465116279,0.01176470588235296,0.04545454545454553,0.02272727272727276,loc06371,apc4_2,0
0.4883720930232558,0.4941860465116279,0.01176470588235296,0.04545454545454553,0.02272727272727276,loc06375,cueO_2,0
0.4883720930232558,0.4941860465116279,0.01176470588235296,0.04545454545454553,0.02272727272727276,loc06377,apc3_2,0
0.4883720930232558,0.4941860465116279,0.01176470588235296,0.04545454545454553,0.02272727272727276,loc06702,cah_3,0
0.4883720930232558,0.4941860465116279,0.01176470588235296,0.04545454545454553,0.02272727272727276,loc06703,pel_2,0
0.4883720930232558,0.4941860465116279,0.01176470588235296,0.04545454545454553,0.02272727272727276,loc06703,pel,0
0.4883720930232558,0.4941860465116279,0.01176470588235296,0.04545454545454553,0.02272727272727276,loc06752,recD2_2,0
0.4883720930232558,0.4941860465116279,0.01176470588235296,0.04545454545454553,0.02272727272727276,loc06801,iorA_2,0
0.4883720930232558,0.4941860465116279,0.01176470588235296,0.04545454545454553,0.02272727272727276,loc06801,iorA_1,0
0.4883720930232558,0.4941860465116279,0.01176470588235296,0.04545454545454553,0.02272727272727276,loc06802,fixK_5,0
0.4883720930232558,0.4941860465116279,0.01176470588235296,0.04545454545454553,0.02272727272727276,loc06825,iorB_1,0
0.4883720930232558,0.4941860465116279,0.01176470588235296,0.04545454545454553,0.02272727272727276,loc06825,iorB_2,0
0.4883720930232558,0.4941860465116279,0.01176470588235296,0.04545454545454553,0.02272727272727276,loc06841,traG,0
0.4883720930232558,0.4941860465116279,0.01176470588235296,0.04545454545454553,0.02272727272727276,loc06842,COQ5_3,0
0.4883720930232558,0.4941860465116279,0.01176470588235296,0.04545454545454553,0.02272727272727276,loc06842,COQ5_1,0
0.4883720930232558,0.4941860465116279,0.01176470588235296,0.04545454545454553,0.02272727272727276,loc06848,bigR_1,0
0.4883720930232558,0.4941860465116279,0.01176470588235296,0.04545454545454553,0.02272727272727276,loc06848,blh_1,0
0.4883720930232558,0.4941860465116279,0.01176470588235296,0.04545454545454553,0.02272727272727276,loc06848,gloB_3,0
0.4883720930232558,0.4941860465116279,0.01176470588235296,0.04545454545454553,0.02272727272727276,loc06874,ycaC_1,0
0.4883720930232558,0.4941860465116279,0.01176470588235296,0.04545454545454553,0.02272727272727276,loc06888,noc_1,0
0.4883720930232558,0.4941860465116279,0.01176470588235296,0.04545454545454553,0.02272727272727276,loc06888,noc_2,0
0.4883720930232558,0.4941860465116279,0.01176470588235296,0.04545454545454553,0.02272727272727276,loc06898,lsrC_2,0
0.4883720930232558,0.4941860465116279,0.01176470588235296,0.04545454545454553,0.02272727272727276,loc06899,argI,0
0.4883720930232558,0.4941860465116279,0.01176470588235296,0.04545454545454553,0.02272727272727276,loc06899,argF_1,0
0.4883720930232558,0.4941860465116279,0.01176470588235296,0.04545454545454553,0.02272727272727276,loc06900,gsiC_7,0
0.4883720930232558,0.4941860465116279,0.01176470588235296,0.04545454545454553,0.02272727272727276,loc06900,gsiC_1,0
0.4883720930232558,0.4941860465116279,0.01176470588235296,0.04545454545454553,0.02272727272727276,loc07031,trxC,0
0.4883720930232558,0.4941860465116279,0.01176470588235296,0.04545454545454553,0.02272727272727276,loc07172,nhaX,0
0.4883720930232558,0.4941860465116279,0.01176470588235296,0.04545454545454553,0.02272727272727276,loc07204,qseB_1,0
0.4883720930232558,0.4941860465116279,0.01176470588235296,0.04545454545454553,0.02272727272727276,loc07265,gsiD_1,0
0.4883720930232558,0.4941860465116279,0.01176470588235296,0.04545454545454553,0.02272727272727276,loc07273,lsrR_2,0
0.4883720930232558,0.4941860465116279,0.01176470588235296,0.04545454545454553,0.02272727272727276,loc07278,oppD_1,0
0.4883720930232558,0.4941860465116279,0.01176470588235296,0.04545454545454553,0.02272727272727276,loc07291,lsrD_2,0
0.4883720930232558,0.4941860465116279,0.01176470588235296,0.04545454545454553,0.02272727272727276,loc07296,lsrB_3,0
0.4883720930232558,0.4941860465116279,0.01176470588235296,0.04545454545454553,0.02272727272727276,loc07307,rip3_1,0
0.4883720930232558,0.4941860465116279,0.01176470588235296,0.04545454545454553,0.02272727272727276,loc07316,scmP_1,0
0.4883720930232558,0.4941860465116279,0.01176470588235296,0.04545454545454553,0.02272727272727276,loc07318,yknX,0
0.4883720930232558,0.4941860465116279,0.01176470588235296,0.04545454545454553,0.02272727272727276,loc07333,degP_1,0
0.4883720930232558,0.4941860465116279,0.01176470588235296,0.04545454545454553,0.02272727272727276,loc07334,qseC_1,0
0.4883720930232558,0.4941860465116279,0.01176470588235296,0.04545454545454553,0.02272727272727276,loc07348,lsrA,0
0.4883720930232558,0.4941860465116279,0.01176470588235296,0.04545454545454553,0.02272727272727276,loc07351,lsrK,0
0.4883720930232558,0.4941860465116279,0.01176470588235296,0.04545454545454553,0.02272727272727276,loc07355,ggt_1,0
0.4883720930232558,0.4941860465116279,0.01176470588235296,0.04545454545454553,0.02272727272727276,loc07358,eptA_1,0
0.4883720930232558,0.4941860465116279,0.01176470588235296,0.04545454545454553,0.02272727272727276,loc07370,xpkA_1,0
0.5271317829457364,0.5135658914728682,-0.02641509433962247,-0.11475409836065496,-0.05737704918032749,loc06129,tycC_2,0
0.5271317829457364,0.5135658914728682,-0.02641509433962247,-0.11475409836065496,-0.05737704918032749,loc06129,tycC_1,0
0.5271317829457364,0.5135658914728682,-0.02641509433962247,-0.11475409836065496,-0.05737704918032749,loc06170,exuR_2,0
0.5271317829457364,0.5135658914728682,-0.02641509433962247,-0.11475409836065496,-0.05737704918032749,loc06176,agpA_1,0
0.5271317829457364,0.5135658914728682,-0.02641509433962247,-0.11475409836065496,-0.05737704918032749,loc06176,agpA_2,0
0.5271317829457364,0.5135658914728682,-0.02641509433962247,-0.11475409836065496,-0.05737704918032749,loc06176,agpA_3,0
0.5271317829457364,0.5135658914728682,-0.02641509433962247,-0.11475409836065496,-0.05737704918032749,loc06210,ohrA,0
0.5271317829457364,0.5135658914728682,-0.02641509433962247,-0.11475409836065496,-0.05737704918032749,loc06220,hyi_2,0
0.5271317829457364,0.5135658914728682,-0.02641509433962247,-0.11475409836065496,-0.05737704918032749,loc06354,glxR_3,0
0.5271317829457364,0.5135658914728682,-0.02641509433962247,-0.11475409836065496,-0.05737704918032749,loc06357,dppB_8,0
0.5271317829457364,0.5135658914728682,-0.02641509433962247,-0.11475409836065496,-0.05737704918032749,loc06366,ttuD_2,0
0.5271317829457364,0.5135658914728682,-0.02641509433962247,-0.11475409836065496,-0.05737704918032749,loc06372,gsiA_9,0
0.5271317829457364,0.5135658914728682,-0.02641509433962247,-0.11475409836065496,-0.05737704918032749,loc06875,sgrR_2,0
0.5271317829457364,0.5135658914728682,-0.02641509433962247,-0.11475409836065496,-0.05737704918032749,loc06875,sgrR_3,0
0.5271317829457364,0.5135658914728682,-0.02641509433962247,-0.11475409836065496,-0.05737704918032749,loc06884,alkJ_5,0
0.5271317829457364,0.5135658914728682,-0.02641509433962247,-0.11475409836065496,-0.05737704918032749,loc06884,alkJ_6,0
0.5271317829457364,0.5135658914728682,-0.02641509433962247,-0.11475409836065496,-0.05737704918032749,loc06894,ycjO_5,0
0.5271317829457364,0.5135658914728682,-0.02641509433962247,-0.11475409836065496,-0.05737704918032749,loc06894,ycjP_3,0
0.5271317829457364,0.5135658914728682,-0.02641509433962247,-0.11475409836065496,-0.05737704918032749,loc06901,ddpB,0
0.5271317829457364,0.5135658914728682,-0.02641509433962247,-0.11475409836065496,-0.05737704918032749,loc06901,dppB_7,0
0.5271317829457364,0.5135658914728682,-0.02641509433962247,-0.11475409836065496,-0.05737704918032749,loc07243,ddpC_4,0
0.5271317829457364,0.5135658914728682,-0.02641509433962247,-0.11475409836065496,-0.05737704918032749,loc07260,gsiD_4,0
0.5271317829457364,0.5135658914728682,-0.02641509433962247,-0.11475409836065496,-0.05737704918032749,loc07286,ddpF,0
0.5271317829457364,0.5135658914728682,-0.02641509433962247,-0.11475409836065496,-0.05737704918032749,loc07300,galS,0
0.5271317829457364,0.5135658914728682,-0.02641509433962247,-0.11475409836065496,-0.05737704918032749,loc07301,msmX_3,0
0.5271317829457364,0.5135658914728682,-0.02641509433962247,-0.11475409836065496,-0.05737704918032749,loc07336,allB_2,0
0.5271317829457364,0.5135658914728682,-0.02641509433962247,-0.11475409836065496,-0.05737704918032749,loc07340,gabD_3,0
0.36434108527131776,0.3488372093023254,-0.0444444444444447,-0.14634146341463505,-0.04878048780487831,loc05717,hmp_4,0
0.36434108527131776,0.3488372093023254,-0.0444444444444447,-0.14634146341463505,-0.04878048780487831,loc05719,xerD_3,0
0.36434108527131776,0.3488372093023254,-0.0444444444444447,-0.14634146341463505,-0.04878048780487831,loc05797,ydaP_1,0
0.36434108527131776,0.3488372093023254,-0.0444444444444447,-0.14634146341463505,-0.04878048780487831,loc07990,gdhA_1,0
0.36434108527131776,0.3488372093023254,-0.0444444444444447,-0.14634146341463505,-0.04878048780487831,loc07990,gdhA_2,0
0.36434108527131776,0.3488372093023254,-0.0444444444444447,-0.14634146341463505,-0.04878048780487831,loc07992,bmaC_1,0
0.36434108527131776,0.3488372093023254,-0.0444444444444447,-0.14634146341463505,-0.04878048780487831,loc07992,bmaC,0
0.36434108527131776,0.3488372093023254,-0.0444444444444447,-0.14634146341463505,-0.04878048780487831,loc08012,phaA_1,0
0.36434108527131776,0.3488372093023254,-0.0444444444444447,-0.14634146341463505,-0.04878048780487831,loc08058,iolG_5,0
0.36434108527131776,0.3488372093023254,-0.0444444444444447,-0.14634146341463505,-0.04878048780487831,loc08058,desV,0
0.36434108527131776,0.3488372093023254,-0.0444444444444447,-0.14634146341463505,-0.04878048780487831,loc08058,arnB_2,0
0.36434108527131776,0.3488372093023254,-0.0444444444444447,-0.14634146341463505,-0.04878048780487831,loc08099,cmdD,0
0.36434108527131776,0.3488372093023254,-0.0444444444444447,-0.14634146341463505,-0.04878048780487831,loc08153,ltrA_1,0
0.36434108527131776,0.3488372093023254,-0.0444444444444447,-0.14634146341463505,-0.04878048780487831,loc08334,luxO,0
0.36434108527131776,0.3488372093023254,-0.0444444444444447,-0.14634146341463505,-0.04878048780487831,loc08486,cpdR_1,0
0.36434108527131776,0.3488372093023254,-0.0444444444444447,-0.14634146341463505,-0.04878048780487831,loc08593,rfbC_3,0
0.36434108527131776,0.3488372093023254,-0.0444444444444447,-0.14634146341463505,-0.04878048780487831,loc08612,norR,0
0.36434108527131776,0.3488372093023254,-0.0444444444444447,-0.14634146341463505,-0.04878048780487831,loc08622,scoB,0
0.36434108527131776,0.3488372093023254,-0.0444444444444447,-0.14634146341463505,-0.04878048780487831,loc08654,dapH_2,0
0.36434108527131776,0.3488372093023254,-0.0444444444444447,-0.14634146341463505,-0.04878048780487831,loc08667,epsL_2,0
0.36434108527131776,0.3488372093023254,-0.0444444444444447,-0.14634146341463505,-0.04878048780487831,loc08677,degU_3,0
0.36434108527131776,0.3488372093023254,-0.0444444444444447,-0.14634146341463505,-0.04878048780487831,loc08718,ssuC_2,0
0.36434108527131776,0.3488372093023254,-0.0444444444444447,-0.14634146341463505,-0.04878048780487831,loc08726,ssuB_1,0
0.36434108527131776,0.3488372093023254,-0.0444444444444447,-0.14634146341463505,-0.04878048780487831,loc08742,rmlA_2,0
0.36434108527131776,0.3488372093023254,-0.0444444444444447,-0.14634146341463505,-0.04878048780487831,loc08756,rfbD_2,0
0.36434108527131776,0.3488372093023254,-0.0444444444444447,-0.14634146341463505,-0.04878048780487831,loc08767,galE1,0
0.36434108527131776,0.3488372093023254,-0.0444444444444447,-0.14634146341463505,-0.04878048780487831,loc08775,algA,0
0.36434108527131776,0.3488372093023254,-0.0444444444444447,-0.14634146341463505,-0.04878048780487831,loc08785,rffG,0
0.36434108527131776,0.3488372093023254,-0.0444444444444447,-0.14634146341463505,-0.04878048780487831,loc08808,per,0
0.36434108527131776,0.3488372093023254,-0.0444444444444447,-0.14634146341463505,-0.04878048780487831,loc08812,nylB,0
0.36434108527131776,0.3488372093023254,-0.0444444444444447,-0.14634146341463505,-0.04878048780487831,loc08827,glmM_1,0
0.36434108527131776,0.3488372093023254,-0.0444444444444447,-0.14634146341463505,-0.04878048780487831,loc08853,wzxE,0
0.36434108527131776,0.3488372093023254,-0.0444444444444447,-0.14634146341463505,-0.04878048780487831,loc08873,yjcD,0
0.36434108527131776,0.3488372093023254,-0.0444444444444447,-0.14634146341463505,-0.04878048780487831,loc08878,recF_1,0
0.4573643410852713,0.4370155038759691,-0.046563192904656,-0.17999999999999872,-0.07499999999999951,loc05818,lgrD_5,0
0.4573643410852713,0.4370155038759691,-0.046563192904656,-0.17999999999999872,-0.07499999999999951,loc05818,dhbF,0
0.4573643410852713,0.4370155038759691,-0.046563192904656,-0.17999999999999872,-0.07499999999999951,loc05827,nusG_5,0
0.4573643410852713,0.4370155038759691,-0.046563192904656,-0.17999999999999872,-0.07499999999999951,loc05837,csoR,0
0.4573643410852713,0.4370155038759691,-0.046563192904656,-0.17999999999999872,-0.07499999999999951,loc05838,mdtD_2,0
0.4573643410852713,0.4370155038759691,-0.046563192904656,-0.17999999999999872,-0.07499999999999951,loc05839,oppD_7,0
0.4573643410852713,0.4370155038759691,-0.046563192904656,-0.17999999999999872,-0.07499999999999951,loc05839,oppF_3,0
0.4573643410852713,0.4370155038759691,-0.046563192904656,-0.17999999999999872,-0.07499999999999951,loc05852,thiG_2,0
0.4573643410852713,0.4370155038759691,-0.046563192904656,-0.17999999999999872,-0.07499999999999951,loc05859,lgrD,0
0.4573643410852713,0.4370155038759691,-0.046563192904656,-0.17999999999999872,-0.07499999999999951,loc05859,lgrB,0
0.4573643410852713,0.4370155038759691,-0.046563192904656,-0.17999999999999872,-0.07499999999999951,loc05859,lgrD_4,0
0.4573643410852713,0.4370155038759691,-0.046563192904656,-0.17999999999999872,-0.07499999999999951,loc05862,argE,0
0.4573643410852713,0.4370155038759691,-0.046563192904656,-0.17999999999999872,-0.07499999999999951,loc05863,cckA_2,0
0.4573643410852713,0.4370155038759691,-0.046563192904656,-0.17999999999999872,-0.07499999999999951,loc05863,rcsC_6,0
0.4573643410852713,0.4370155038759691,-0.046563192904656,-0.17999999999999872,-0.07499999999999951,loc05865,dppA_4,0
0.4573643410852713,0.4370155038759691,-0.046563192904656,-0.17999999999999872,-0.07499999999999951,loc05865,dppA_6,0
0.4573643410852713,0.4370155038759691,-0.046563192904656,-0.17999999999999872,-0.07499999999999951,loc05865,hbpA_6,0
0.4573643410852713,0.4370155038759691,-0.046563192904656,-0.17999999999999872,-0.07499999999999951,loc05866,lhyD,0
0.4573643410852713,0.4370155038759691,-0.046563192904656,-0.17999999999999872,-0.07499999999999951,loc05866,allB,0
0.4573643410852713,0.4370155038759691,-0.046563192904656,-0.17999999999999872,-0.07499999999999951,loc05866,allB_1,0
0.4573643410852713,0.4370155038759691,-0.046563192904656,-0.17999999999999872,-0.07499999999999951,loc05875,dmlR_5,0
0.4573643410852713,0.4370155038759691,-0.046563192904656,-0.17999999999999872,-0.07499999999999951,loc05876,davD_4,0
0.4573643410852713,0.4370155038759691,-0.046563192904656,-0.17999999999999872,-0.07499999999999951,loc05876,davD_3,0
0.4573643410852713,0.4370155038759691,-0.046563192904656,-0.17999999999999872,-0.07499999999999951,loc05878,hbpA_3,0
0.4573643410852713,0.4370155038759691,-0.046563192904656,-0.17999999999999872,-0.07499999999999951,loc05879,rspR_7,0
0.4573643410852713,0.4370155038759691,-0.046563192904656,-0.17999999999999872,-0.07499999999999951,loc05892,kaiC_2,0
0.4573643410852713,0.4370155038759691,-0.046563192904656,-0.17999999999999872,-0.07499999999999951,loc05892,kaiC_3,0
0.4573643410852713,0.4370155038759691,-0.046563192904656,-0.17999999999999872,-0.07499999999999951,loc05894,gltS_1,0
0.4573643410852713,0.4370155038759691,-0.046563192904656,-0.17999999999999872,-0.07499999999999951,loc05894,gltS_2,0
0.4573643410852713,0.4370155038759691,-0.046563192904656,-0.17999999999999872,-0.07499999999999951,loc05894,gltS,0
0.4573643410852713,0.4370155038759691,-0.046563192904656,-0.17999999999999872,-0.07499999999999951,loc05895,yecS_6,0
0.4573643410852713,0.4370155038759691,-0.046563192904656,-0.17999999999999872,-0.07499999999999951,loc05897,puuB_2,0
0.4573643410852713,0.4370155038759691,-0.046563192904656,-0.17999999999999872,-0.07499999999999951,loc05897,dadA_2,0
0.4573643410852713,0.4370155038759691,-0.046563192904656,-0.17999999999999872,-0.07499999999999951,loc05897,puuB_3,0
0.4573643410852713,0.4370155038759691,-0.046563192904656,-0.17999999999999872,-0.07499999999999951,loc05897,dadA_3,0
0.4573643410852713,0.4370155038759691,-0.046563192904656,-0.17999999999999872,-0.07499999999999951,loc05897,puuB_6,0
0.4573643410852713,0.4370155038759691,-0.046563192904656,-0.17999999999999872,-0.07499999999999951,loc05898,msrP_4,0
0.4573643410852713,0.4370155038759691,-0.046563192904656,-0.17999999999999872,-0.07499999999999951,loc05898,msrP_3,0
0.4573643410852713,0.4370155038759691,-0.046563192904656,-0.17999999999999872,-0.07499999999999951,loc05903,malK_12,0
0.4573643410852713,0.4370155038759691,-0.046563192904656,-0.17999999999999872,-0.07499999999999951,loc05903,malK_6,0
0.4573643410852713,0.4370155038759691,-0.046563192904656,-0.17999999999999872,-0.07499999999999951,loc05904,nikB,0
0.4573643410852713,0.4370155038759691,-0.046563192904656,-0.17999999999999872,-0.07499999999999951,loc05909,frlD_1,0
0.4573643410852713,0.4370155038759691,-0.046563192904656,-0.17999999999999872,-0.07499999999999951,loc05910,ghrA_2,0
0.4573643410852713,0.4370155038759691,-0.046563192904656,-0.17999999999999872,-0.07499999999999951,loc05910,ghrA_1,0
0.4573643410852713,0.4370155038759691,-0.046563192904656,-0.17999999999999872,-0.07499999999999951,loc05913,ytfF,0
0.4573643410852713,0.4370155038759691,-0.046563192904656,-0.17999999999999872,-0.07499999999999951,loc05913,ytfF_1,0
0.4573643410852713,0.4370155038759691,-0.046563192904656,-0.17999999999999872,-0.07499999999999951,loc05916,btuD_9,0
0.4573643410852713,0.4370155038759691,-0.046563192904656,-0.17999999999999872,-0.07499999999999951,loc05983,cysO,0
0.4573643410852713,0.4370155038759691,-0.046563192904656,-0.17999999999999872,-0.07499999999999951,loc05987,ybaQ,0
0.4573643410852713,0.4370155038759691,-0.046563192904656,-0.17999999999999872,-0.07499999999999951,loc06000,pntM,0
0.4573643410852713,0.4370155038759691,-0.046563192904656,-0.17999999999999872,-0.07499999999999951,loc06001,fitB_1,0
0.4573643410852713,0.4370155038759691,-0.046563192904656,-0.17999999999999872,-0.07499999999999951,loc06005,msrB_2,0
0.4573643410852713,0.4370155038759691,-0.046563192904656,-0.17999999999999872,-0.07499999999999951,loc06007,lrp_3,0
0.4573643410852713,0.4370155038759691,-0.046563192904656,-0.17999999999999872,-0.07499999999999951,loc06008,lrp_2,0
0.4573643410852713,0.4370155038759691,-0.046563192904656,-0.17999999999999872,-0.07499999999999951,loc06009,msrA3,0
0.4573643410852713,0.4370155038759691,-0.046563192904656,-0.17999999999999872,-0.07499999999999951,loc06018,hisQ_1,0
0.4573643410852713,0.4370155038759691,-0.046563192904656,-0.17999999999999872,-0.07499999999999951,loc06020,dehH2,0
0.4573643410852713,0.4370155038759691,-0.046563192904656,-0.17999999999999872,-0.07499999999999951,loc06021,ntaA_2,0
0.4573643410852713,0.4370155038759691,-0.046563192904656,-0.17999999999999872,-0.07499999999999951,loc06022,yurK_2,0
0.4573643410852713,0.4370155038759691,-0.046563192904656,-0.17999999999999872,-0.07499999999999951,loc06026,fliY_3,0
0.4573643410852713,0.4370155038759691,-0.046563192904656,-0.17999999999999872,-0.07499999999999951,loc06027,fabI_1,0
0.4573643410852713,0.4370155038759691,-0.046563192904656,-0.17999999999999872,-0.07499999999999951,loc06028,fabG_4,0
0.4573643410852713,0.4370155038759691,-0.046563192904656,-0.17999999999999872,-0.07499999999999951,loc06029,artM_2,0
0.4573643410852713,0.4370155038759691,-0.046563192904656,-0.17999999999999872,-0.07499999999999951,loc06032,glnQ_5,0
0.4573643410852713,0.4370155038759691,-0.046563192904656,-0.17999999999999872,-0.07499999999999951,loc06033,tgnD_2,0
0.4573643410852713,0.4370155038759691,-0.046563192904656,-0.17999999999999872,-0.07499999999999951,loc06034,frlC,0
0.4573643410852713,0.4370155038759691,-0.046563192904656,-0.17999999999999872,-0.07499999999999951,loc06035,araQ_3,0
0.4573643410852713,0.4370155038759691,-0.046563192904656,-0.17999999999999872,-0.07499999999999951,loc06037,gsiD_5,0
0.4573643410852713,0.4370155038759691,-0.046563192904656,-0.17999999999999872,-0.07499999999999951,loc06041,ddpC_3,0
0.4573643410852713,0.4370155038759691,-0.046563192904656,-0.17999999999999872,-0.07499999999999951,loc06042,dmlR_6,0
0.4573643410852713,0.4370155038759691,-0.046563192904656,-0.17999999999999872,-0.07499999999999951,loc06043,ycjO_6,0
0.4573643410852713,0.4370155038759691,-0.046563192904656,-0.17999999999999872,-0.07499999999999951,loc06046,dapA_6,0
0.4573643410852713,0.4370155038759691,-0.046563192904656,-0.17999999999999872,-0.07499999999999951,loc06048,hcaR_2,0
0.4573643410852713,0.4370155038759691,-0.046563192904656,-0.17999999999999872,-0.07499999999999951,loc06054,pta_3,0
0.4573643410852713,0.4370155038759691,-0.046563192904656,-0.17999999999999872,-0.07499999999999951,loc06056,oppD_4,0
0.4573643410852713,0.4370155038759691,-0.046563192904656,-0.17999999999999872,-0.07499999999999951,loc06057,frlB_1,0
0.4573643410852713,0.4370155038759691,-0.046563192904656,-0.17999999999999872,-0.07499999999999951,loc06058,acdS,0
0.4573643410852713,0.4370155038759691,-0.046563192904656,-0.17999999999999872,-0.07499999999999951,loc06059,tgnB_2,0
0.4573643410852713,0.4370155038759691,-0.046563192904656,-0.17999999999999872,-0.07499999999999951,loc06060,ttuC,0
0.4573643410852713,0.4370155038759691,-0.046563192904656,-0.17999999999999872,-0.07499999999999951,loc06063,ccpA_5,0
0.4573643410852713,0.4370155038759691,-0.046563192904656,-0.17999999999999872,-0.07499999999999951,loc06064,glpE,0
0.4573643410852713,0.4370155038759691,-0.046563192904656,-0.17999999999999872,-0.07499999999999951,loc06065,ackA_2,0
0.4573643410852713,0.4370155038759691,-0.046563192904656,-0.17999999999999872,-0.07499999999999951,loc06070,abo_3,0
0.4573643410852713,0.4370155038759691,-0.046563192904656,-0.17999999999999872,-0.07499999999999951,loc06072,gatA_2,0
0.4573643410852713,0.4370155038759691,-0.046563192904656,-0.17999999999999872,-0.07499999999999951,loc06073,gabD_4,0
0.4573643410852713,0.4370155038759691,-0.046563192904656,-0.17999999999999872,-0.07499999999999951,loc06074,puuC,0
0.4573643410852713,0.4370155038759691,-0.046563192904656,-0.17999999999999872,-0.07499999999999951,loc06075,tgnC_2,0
0.4573643410852713,0.4370155038759691,-0.046563192904656,-0.17999999999999872,-0.07499999999999951,loc06078,dppA_5,0
0.4573643410852713,0.4370155038759691,-0.046563192904656,-0.17999999999999872,-0.07499999999999951,loc06080,stcD_2,0
0.4573643410852713,0.4370155038759691,-0.046563192904656,-0.17999999999999872,-0.07499999999999951,loc07396,asd2_1,0
0.4573643410852713,0.4370155038759691,-0.046563192904656,-0.17999999999999872,-0.07499999999999951,loc07396,asd_2,0
0.4573643410852713,0.4370155038759691,-0.046563192904656,-0.17999999999999872,-0.07499999999999951,loc07396,asd2_3,0
0.4573643410852713,0.4370155038759691,-0.046563192904656,-0.17999999999999872,-0.07499999999999951,loc07415,cysD_2,0
0.4573643410852713,0.4370155038759691,-0.046563192904656,-0.17999999999999872,-0.07499999999999951,loc07415,cysD_4,0
0.4573643410852713,0.4370155038759691,-0.046563192904656,-0.17999999999999872,-0.07499999999999951,loc07442,ectB_2,0
0.4573643410852713,0.4370155038759691,-0.046563192904656,-0.17999999999999872,-0.07499999999999951,loc07443,cysNC_2,0
0.4573643410852713,0.4370155038759691,-0.046563192904656,-0.17999999999999872,-0.07499999999999951,loc07464,nemA_1,0
0.4573643410852713,0.4370155038759691,-0.046563192904656,-0.17999999999999872,-0.07499999999999951,loc07471,gltB_3,0
0.4573643410852713,0.4370155038759691,-0.046563192904656,-0.17999999999999872,-0.07499999999999951,loc07471,gltB_1,0
0.4573643410852713,0.4370155038759691,-0.046563192904656,-0.17999999999999872,-0.07499999999999951,loc07515,rpoN2_2,0
0.4573643410852713,0.4370155038759691,-0.046563192904656,-0.17999999999999872,-0.07499999999999951,loc07515,rpoN2_1,0
0.4573643410852713,0.4370155038759691,-0.046563192904656,-0.17999999999999872,-0.07499999999999951,loc07516,betB_1,0
0.4573643410852713,0.4370155038759691,-0.046563192904656,-0.17999999999999872,-0.07499999999999951,loc07519,mhpD_2,0
0.4573643410852713,0.4370155038759691,-0.046563192904656,-0.17999999999999872,-0.07499999999999951,loc07519,mhpD_1,0
0.4573643410852713,0.4370155038759691,-0.046563192904656,-0.17999999999999872,-0.07499999999999951,loc07519,mhpD,0
0.4573643410852713,0.4370155038759691,-0.046563192904656,-0.17999999999999872,-0.07499999999999951,loc07533,purD_1,0
0.4573643410852713,0.4370155038759691,-0.046563192904656,-0.17999999999999872,-0.07499999999999951,loc07727,ros_1,0
0.4573643410852713,0.4370155038759691,-0.046563192904656,-0.17999999999999872,-0.07499999999999951,loc07824,cnrH,0
0.4573643410852713,0.4370155038759691,-0.046563192904656,-0.17999999999999872,-0.07499999999999951,loc07844,phoP_1,0
0.4573643410852713,0.4370155038759691,-0.046563192904656,-0.17999999999999872,-0.07499999999999951,loc07853,tauE,0
0.4573643410852713,0.4370155038759691,-0.046563192904656,-0.17999999999999872,-0.07499999999999951,loc07869,insK_1,0
0.4573643410852713,0.4370155038759691,-0.046563192904656,-0.17999999999999872,-0.07499999999999951,loc07871,dasC_1,0
0.4573643410852713,0.4370155038759691,-0.046563192904656,-0.17999999999999872,-0.07499999999999951,loc07877,mhpC_2,0
0.4573643410852713,0.4370155038759691,-0.046563192904656,-0.17999999999999872,-0.07499999999999951,loc07886,yihV,0
0.4573643410852713,0.4370155038759691,-0.046563192904656,-0.17999999999999872,-0.07499999999999951,loc07890,mhpF,0
0.4573643410852713,0.4370155038759691,-0.046563192904656,-0.17999999999999872,-0.07499999999999951,loc07895,xerC_10,0
0.4573643410852713,0.4370155038759691,-0.046563192904656,-0.17999999999999872,-0.07499999999999951,loc07896,tdh_1,0
0.4573643410852713,0.4370155038759691,-0.046563192904656,-0.17999999999999872,-0.07499999999999951,loc07897,bphC,0
0.4573643410852713,0.4370155038759691,-0.046563192904656,-0.17999999999999872,-0.07499999999999951,loc07902,ccpA_4,0
0.4573643410852713,0.4370155038759691,-0.046563192904656,-0.17999999999999872,-0.07499999999999951,loc07904,mhpE,0
0.4573643410852713,0.4370155038759691,-0.046563192904656,-0.17999999999999872,-0.07499999999999951,loc07906,ccpA_1,0
0.4573643410852713,0.4370155038759691,-0.046563192904656,-0.17999999999999872,-0.07499999999999951,loc07910,lacD,0
0.4573643410852713,0.4370155038759691,-0.046563192904656,-0.17999999999999872,-0.07499999999999951,loc07914,resA_1,0
0.4573643410852713,0.4370155038759691,-0.046563192904656,-0.17999999999999872,-0.07499999999999951,loc07916,adhT_1,0
0.4573643410852713,0.4370155038759691,-0.046563192904656,-0.17999999999999872,-0.07499999999999951,loc07920,ybjJ_1,0
0.4573643410852713,0.4370155038759691,-0.046563192904656,-0.17999999999999872,-0.07499999999999951,loc07923,tyrB_1,0
0.4573643410852713,0.4370155038759691,-0.046563192904656,-0.17999999999999872,-0.07499999999999951,loc07931,hipA_3,0
0.4573643410852713,0.4370155038759691,-0.046563192904656,-0.17999999999999872,-0.07499999999999951,loc07939,abaF_2,0
0.4573643410852713,0.4370155038759691,-0.046563192904656,-0.17999999999999872,-0.07499999999999951,loc07940,betA_1,0
0.4573643410852713,0.4370155038759691,-0.046563192904656,-0.17999999999999872,-0.07499999999999951,loc07942,glnA_2,0
0.4573643410852713,0.4370155038759691,-0.046563192904656,-0.17999999999999872,-0.07499999999999951,loc07957,tfdB,0
0.5581395348837209,0.5290697674418605,-0.05494505494505482,-0.2631578947368415,-0.13157894736842077,loc06479,sasA_13,0
0.5581395348837209,0.5290697674418605,-0.05494505494505482,-0.2631578947368415,-0.13157894736842077,loc06479,sasA_7,0
0.5581395348837209,0.5290697674418605,-0.05494505494505482,-0.2631578947368415,-0.13157894736842077,loc06482,hsrA_1,0
0.5581395348837209,0.5290697674418605,-0.05494505494505482,-0.2631578947368415,-0.13157894736842077,loc06482,hsrA_2,0
0.5581395348837209,0.5290697674418605,-0.05494505494505482,-0.2631578947368415,-0.13157894736842077,loc06483,fadJ_1,0
0.5581395348837209,0.5290697674418605,-0.05494505494505482,-0.2631578947368415,-0.13157894736842077,loc06484,recF_2,0
0.5581395348837209,0.5290697674418605,-0.05494505494505482,-0.2631578947368415,-0.13157894736842077,loc06492,dcyD,0
0.5581395348837209,0.5290697674418605,-0.05494505494505482,-0.2631578947368415,-0.13157894736842077,loc06492,cuyA,0
0.5581395348837209,0.5290697674418605,-0.05494505494505482,-0.2631578947368415,-0.13157894736842077,loc06493,LhpG,0
0.5581395348837209,0.5290697674418605,-0.05494505494505482,-0.2631578947368415,-0.13157894736842077,loc06497,pnoA_1,0
0.5581395348837209,0.5290697674418605,-0.05494505494505482,-0.2631578947368415,-0.13157894736842077,loc06497,pnoA_2,0
0.5581395348837209,0.5290697674418605,-0.05494505494505482,-0.2631578947368415,-0.13157894736842077,loc06497,pnoA,0
0.5581395348837209,0.5290697674418605,-0.05494505494505482,-0.2631578947368415,-0.13157894736842077,loc06512,fixN_2,0
0.5581395348837209,0.5290697674418605,-0.05494505494505482,-0.2631578947368415,-0.13157894736842077,loc06530,yajO_1,0
0.5581395348837209,0.5290697674418605,-0.05494505494505482,-0.2631578947368415,-0.13157894736842077,loc06617,spo0F,0
0.5581395348837209,0.5290697674418605,-0.05494505494505482,-0.2631578947368415,-0.13157894736842077,loc06630,ydeP_2,0
0.5581395348837209,0.5290697674418605,-0.05494505494505482,-0.2631578947368415,-0.13157894736842077,loc06643,ydeP_1,0
0.5581395348837209,0.5290697674418605,-0.05494505494505482,-0.2631578947368415,-0.13157894736842077,loc06646,yhbO_3,0
0.5581395348837209,0.5290697674418605,-0.05494505494505482,-0.2631578947368415,-0.13157894736842077,loc06648,tmoT_4,0
0.5581395348837209,0.5290697674418605,-0.05494505494505482,-0.2631578947368415,-0.13157894736842077,loc06651,bacC_5,0
0.5581395348837209,0.5290697674418605,-0.05494505494505482,-0.2631578947368415,-0.13157894736842077,loc06662,btuD_11,0
0.5581395348837209,0.5290697674418605,-0.05494505494505482,-0.2631578947368415,-0.13157894736842077,loc06666,pgrR_7,0
0.5581395348837209,0.5290697674418605,-0.05494505494505482,-0.2631578947368415,-0.13157894736842077,loc06670,ssuA,0
0.5581395348837209,0.5290697674418605,-0.05494505494505482,-0.2631578947368415,-0.13157894736842077,loc06671,dhmA_2,0
0.5581395348837209,0.5290697674418605,-0.05494505494505482,-0.2631578947368415,-0.13157894736842077,loc06682,rssB_2,0
0.5581395348837209,0.5290697674418605,-0.05494505494505482,-0.2631578947368415,-0.13157894736842077,loc06693,sasA_5,0
